number,google_code,종목코드,company_name,업종,업종,상장주식수(주),자본금(백만원),액면가(원),통화구분,대표전화,주소
1,KRX:095570,95570,AJ네트웍스,126903,산업용 기계 및 장비 임대업,9364459,46822295000,5000,원(KRW),02-6240-0800,"서울특별시 구로구 디지털로26길 5, 9층"
2,KRX:068400,68400,AJ렌터카,126901,운송장비 임대업,22146300,11073150000,500,원(KRW),1544-1600,서울특별시 구로구 서부샛길 822
3,KRX:006840,6840,AK홀딩스,137105,"회사본부, 지주회사 및 경영컨설팅 서비스업",13247561,66237805000,5000,원(KRW),02-6923-2921,서울특별시 구로구 구로중앙로 152(구로동)
4,KRX:027410,27410,BGF리테일,74701,종합 소매업,24773964,24773964000,1000,,1577-3663,서울특별시 강남구 테헤란로 405
5,KRX:138930,138930,BNK금융지주,116409,기타 금융업,255935246,1279676230000,5000,원(KRW),051-620-3022,부산광역시 남구 문현금융로 30(문현동)
6,KRX:001460,1460,BYC,31401,봉제의복 제조업,624615,4200000000,5000,원(KRW),02-840-3175,서울특별시 영등포구 도림천로21길 3
7,KRX:001040,1040,CJ,137105,"회사본부, 지주회사 및 경영컨설팅 서비스업",29128248,157671060000,5000,원(KRW),02-726-8114,서울특별시 중구 소월로2길 12 (남대문로5가)
8,KRX:079160,79160,CJ CGV,105901,"영화, 비디오물, 방송프로그램 제작 및 배급업",21161313,10580656500,500,원(KRW),02-371-6660,서울시 마포구 월드컵북로 434 10층(상암동)
9,KRX:000120,120,CJ대한통운,84903,도로 화물 운송업,22812344,114061720000,5000,원(KRW),02-3782-0114,서울특별시 중구 세종대로9길 53
10,KRX:011150,11150,CJ씨푸드,31007,기타 식품 제조업,35930773,18065386500,500,원(KRW),031-730-9114,경기도 성남시 중원구 둔촌대로388번길 32 (상대원동)
11,KRX:097950,97950,CJ제일제당,31007,기타 식품 제조업,13158198,72428155000,5000,원(KRW),726-8114,서울특별시 중구 동호로 330
12,KRX:037560,37560,CJ헬로비전,106002,텔레비전 방송업,77446865,193617162500,2500,원(KRW),02-1855-1000,"서울특별시 양천구 목동서로 159-1 (목동, 13층)"
13,KRX:000590,590,CS홀딩스,137105,"회사본부, 지주회사 및 경영컨설팅 서비스업",1154482,5772410000,5000,원(KRW),02-3459-9363,경상북도 포항시 남구 괴동로 43 (장흥동)
14,KRX:139130,139130,DGB금융지주,116409,기타 금융업,169053154,845265770000,5000,원(KRW),537407900,대구광역시 수성구 달구벌대로 2310 대구은행본점건물 15층 DGB금융지주
15,KRX:004840,4840,DRB동일,137105,"회사본부, 지주회사 및 경영컨설팅 서비스업",18010000,9005000000,500,원(KRW),051-520-9000,부산광역시 금정구 공단동로55번길 28
16,KRX:155660,155660,DSR,31309,기타 섬유제품 제조업,16000000,8000000000,500,원(KRW),02-3420-3591,부산광역시 강서구 녹산산업중로192번길 7
17,KRX:069730,69730,DSR제강,32401,1차 철강 제조업,14400000,7200000000,500,원(KRW),061-752-0121,전라남도 순천시 서면 산단1길 15
18,KRX:017940,17940,E1,74607,기타 전문 도매업,6860000,34300000000,5000,원(KRW),02-3441-4114,"서울특별시 강남구 영동대로 517 아셈타워 13,14층"
19,KRX:007700,7700,F&F,31401,봉제의복 제조업,15400000,7700000000,500,원(KRW),02-520-0001,"서울특별시 강남구 언주로 541(역삼동,외 에프앤에프빌딩)"
20,KRX:114090,114090,GKL,189102,유원지 및 기타 오락관련 서비스업,61855670,30927835000,500,원(KRW),3466-6209,서울특별시 강남구 삼성로 610 삼성동
21,KRX:078930,78930,GS,137105,"회사본부, 지주회사 및 경영컨설팅 서비스업",92915378,473501020000,5000,원(KRW),-,서울특별시 강남구 논현로 508
22,KRX:006360,6360,GS건설,64101,건물 건설업,71000000,355000000000,5000,원(KRW),02-2154-1112,서울특별시 종로구 종로 33 그랑서울
23,KRX:001250,1250,GS글로벌,74608,상품 종합 도매업,22533764,56334410000,2500,원(KRW),02-2270-8114,서울특별시 강남구 논현로 508 GS강남타워
24,KRX:007070,7070,GS리테일,74701,종합 소매업,77000000,77000000000,1000,원(KRW),02-2005-1114,서울특별시 강남구 논현로 508GS타워(역삼동 679)
25,KRX:001500,1500,HMC투자증권,116601,금융지원 서비스업,29337111,146685555000,5000,원(KRW),02-3787-2114,서울특별시 영등포구 국제금융로2길 32
26,KRX:011420,11420,IB월드와이드,189101,스포츠 서비스업,27549644,13774822000,500,원(KRW),02-775-1300,서울특별시 강남구 학동로 311 미성빌딩 7층
27,KRX:175330,175330,JB금융지주,116409,기타 금융업,126503947,632519735000,5000,원(KRW),02-2128-2727,전라북도 전주시 덕진구 백제대로 566
28,KRX:001060,1060,JW중외제약,32102,의약품 제조업,17850932,45200262500,2500,원(KRW),02-840-6777,서울특별시 서초구 남부순환로 2477
29,KRX:096760,96760,JW홀딩스,137105,"회사본부, 지주회사 및 경영컨설팅 서비스업",56619991,28309995500,500,원(KRW),02-840-6777,서울특별시 서초구 남부순환로 2477
30,KRX:105560,105560,KB금융,116409,기타 금융업,386351693,1931758465000,5000,원(KRW),02-2073-7114,서울특별시 중구 남대문로 84
31,KRX:002550,2550,KB손해보험,116501,보험업,60000000,30000000000,500,원(KRW),-1544-0114,서울특별시 강남구 테헤란로 117 LIG손해보험
32,KRX:009440,9440,KC그린홀딩스,137105,"회사본부, 지주회사 및 경영컨설팅 서비스업",22434980,11217490000,500,원(KRW),02-320-6311,서울특별시 마포구 상암산로 34디지털큐브 12층
33,KRX:119650,119650,KC코트렐,32901,일반 목적용 기계 제조업,10000000,5000000000,500,원(KRW),02-3206-311,서울특별시 마포구 상암산로 34디지털큐브 12층
34,KRX:092220,92220,KEC,32601,반도체 제조업,59047384,29523692000,500,원(KRW),02-2025-5000,서울특별시 서초구 마방로10길 5
35,KRX:109070,109070,KGP,31702,"골판지, 종이 상자 및 종이 용기 제조업",37356857,18678428500,500,원(KRW),031-627-9322,경기도 용인시 처인구 이동면 백옥대로 563
36,KRX:001390,1390,KG케미칼,32001,기초화학물질 제조업,11478870,59702595000,5000,원(KRW),02-2680-4114,울산광역시 울주군 온산읍 당월로 322
37,KRX:001940,1940,KISCO홀딩스,137105,"회사본부, 지주회사 및 경영컨설팅 서비스업",3695276,18476380000,5000,원(KRW),055-260-0500,경상남도 창원시 성산구 공단로103번길 12 한국철강(주)
38,KRX:083420,83420,KPX그린케미칼,32004,기타 화학제품 제조업,20000000,10000000000,500,원(KRW),041-661-5000,충남 서산시 대산읍 독곳리 411-13
39,KRX:025000,25000,KPX케미칼,32001,기초화학물질 제조업,4840000,24200000000,5000,원(KRW),02-2014-4000,서울특별시 마포구 마포대로 137 KPX빌딩
40,KRX:092230,92230,KPX홀딩스,137105,"회사본부, 지주회사 및 경영컨설팅 서비스업",4224646,21123230000,5000,원(KRW),02-2014-4150,서울특별시 마포구 마포대로 137 KPX빌딩 19층
41,KRX:000040,40,KR모터스,33109,그외 기타 운송장비 제조업,175307764,87653882000,500,원(KRW),055-282-7011,경상남도 창원시 성산구 완암로 28
42,KRX:044450,44450,KSS해운,85001,해상 운송업,11592940,5796470000,500,원(KRW),3702-2700,서울특별시 종로구 인사동길 12 대일빌딩 8층
43,KRX:030210,30210,KTB투자증권,116601,금융지원 서비스업,60314092,301570460000,5000,원(KRW),02-2184-2000,서울특별시 영등포구 여의대로 66 KTB빌딩
44,KRX:058850,58850,KTcs,106309,기타 정보 서비스업,42685000,23842500000,500,원(KRW),042-604-5138,대전광역시 서구 갈마로 160
45,KRX:093050,93050,LF,31401,봉제의복 제조업,29240000,146200000000,5000,원(KRW),02-3441-8114,서울특별시 강남구 언주로 870 (신사동)
46,KRX:003550,3550,LG,137105,"회사본부, 지주회사 및 경영컨설팅 서비스업",172557131,879359040000,5000,원(KRW),02-3773-5114,서울특별시 영등포구 여의대로 128
47,KRX:034220,34220,LG디스플레이,32602,전자부품 제조업,357815700,1789078500000,5000,원(KRW),02-3777-5114,서울특별시 영등포구 여의대로 128 LG트윈타워 (동관 12층)
48,KRX:001120,1120,LG상사,74601,상품 중개업,38760000,193800000000,5000,원(KRW),02-3773-1114,서울특별시 영등포구 여의대로 128 LG트윈타워 동관
49,KRX:068870,68870,LG생명과학,32102,의약품 제조업,16576990,84066030000,5000,원(KRW),02-3773-1114,서울특별시 종로구 새문안로 58
50,KRX:051900,51900,LG생활건강,32004,기타 화학제품 제조업,15618197,88589470000,5000,원(KRW),02-3773-5114,서울특별시 종로구 새문안로 58
51,KRX:032640,32640,LG유플러스,106102,전기통신업,436611361,2573969175000,5000,원(KRW),02-3773-1114,서울특별시 용산구 한강대로 32 (한강로3가) LG유플러스 용산사옥
52,KRX:011070,11070,LG이노텍,32602,전자부품 제조업,23667107,118335535000,5000,원(KRW),02-3777-1114,서울특별시 중구 한강대로 416 서울스퀘어 20층
53,KRX:066570,66570,LG전자,32604,통신 및 방송 장비 제조업,163647814,904169030000,5000,원(KRW),02-3777-1114,서울특별시 영등포구 여의대로 128 LG트윈타워
54,KRX:108670,108670,LG하우시스,32202,플라스틱제품 제조업,8967670,50000000000,5000,원(KRW),3777-1114,서울특별시 영등포구 국제금융로 10 국제금융센터(One IFC)
55,KRX:051910,51910,LG화학,32001,기초화학물질 제조업,66271100,369500105000,5000,원(KRW),02-3777-1114,서울특별시 영등포구 여의대로 128
56,KRX:079550,79550,LIG넥스원,32502,무기 및 총포탄 제조업,22000000,110000000000,5000,원(KRW),1644 - 2005,경기도 용인시 기흥구 마북로 207 엘아이지넥스원(주)
57,KRX:006260,6260,LS,137105,"회사본부, 지주회사 및 경영컨설팅 서비스업",32200000,161000000000,5000,원(KRW),02-2189-9988,서울특별시 강남구 영동대로 517 아셈타워 아셈타워 21층
58,KRX:000680,680,LS네트웍스,74608,상품 종합 도매업,77965915,393993750000,5000,원(KRW),02-799-7114,경상남도 김해시 분성로627번길 15 (주)엘에스네트웍스
59,KRX:010120,10120,LS산전,32801,"전동기, 발전기 및 전기 변환 공급 제어 장치 제조업",30000000,150000000000,5000,원(KRW),02-2034-4237,경기도 안양시 동안구 엘에스로 127 LS타워
60,KRX:023150,23150,MH에탄올,31101,알콜음료 제조업,7378526,4596763000,500,원(KRW),055-231-0701,경상남도 창원시 마산회원구 내서읍 광려천남로 25
61,KRX:035420,35420,NAVER,106301,"자료처리, 호스팅, 포털 및 기타 인터넷 정보매개서비스업",32962679,16481339500,500,원(KRW),1588-3830,경기도 성남시 분당구 불정로 6
62,KRX:181710,181710,NHN엔터테인먼트,105802,소프트웨어 개발 및 공급업,19565025,9782512500,500,원(KRW),1544-6859,경기도 성남시 분당구 대왕판교로645번길 16 플레이뮤지엄
63,KRX:005940,5940,NH투자증권,116601,금융지원 서비스업,281408887,1531275030000,5000,원(KRW),02-768-7000,서울특별시 영등포구 여의대로 60 우리투자증권빌딩
64,KRX:034310,34310,NICE,137105,"회사본부, 지주회사 및 경영컨설팅 서비스업",37882300,18941150000,500,원(KRW),02-2122-4000,서울특별시 영등포구 국회대로74길 4 (여의도동) 나이스그룹 3사옥
65,KRX:008260,8260,NI스틸,32401,1차 철강 제조업,28426850,14213425000,500,원(KRW),02-758-6789,서울특별시 중구 세종대로 23 창화빌딩 남대문로5가
66,KRX:010060,10060,OCI,32001,기초화학물질 제조업,23849371,127246855000,5000,원(KRW),02-727-9500,서울특별시 중구 소공로 94 OCI 빌딩
67,KRX:100840,100840,S&TC,32901,일반 목적용 기계 제조업,7084612,3542306000,500,원(KRW),055-212-6500,경상남도 창원시 성산구 완암로 12
68,KRX:064960,64960,S&T모티브,33003,자동차 부품 제조업,14403386,72016930000,5000,원(KRW),051-509-2114,부산광역시 기장군 철마면 여락송정로 363
69,KRX:003570,3570,S&T중공업,33003,자동차 부품 제조업,32473439,83683597500,2500,원(KRW),055-280-5000,경상남도 창원시 성산구 남면로 599
70,KRX:036530,36530,S&T홀딩스,137105,"회사본부, 지주회사 및 경영컨설팅 서비스업",15370076,7885038000,500,원(KRW),02-3279-5010,서울특별시 금천구 가산디지털1로 134
71,KRX:010950,10950,S-Oil,31902,석유 정제품 제조업,112582792,291511797500,2500,원(KRW),02-3772-5151,서울특별시 마포구 백범로 192
72,KRX:034120,34120,SBS,106002,텔레비전 방송업,18252582,91262910000,5000,원(KRW),02-2061-0006,서울특별시 양천구 목동서로 161
73,KRX:101060,101060,SBS미디어홀딩스,137105,"회사본부, 지주회사 및 경영컨설팅 서비스업",139896190,69948095000,500,원(KRW),02-2113-5599,서울특별시 양천구 목동서로 161
74,KRX:004060,4060,SG세계물산,74608,상품 종합 도매업,202424960,101212480000,500,원(KRW),02-850-5191,서울특별시 금천구 디지털로10길 35
75,KRX:001380,1380,SG충남방적,33003,자동차 부품 제조업,41747470,20873735000,500,원(KRW),070-5038-6334,충청남도 논산시 연무읍 양지길 45-18
76,KRX:002360,2360,SH에너지화학,32001,기초화학물질 제조업,111133730,55566865000,500,원(KRW),063-469-1500,전라북도 군산시 외항7길 20
77,KRX:009160,9160,SIMPAC,32902,특수 목적용 기계 제조업,29084925,14542462500,500,원(KRW),032-510-0044,인천광역시 부평구 부평북로 141 (주)SIMPAC
78,KRX:034730,34730,SK,137105,"회사본부, 지주회사 및 경영컨설팅 서비스업",70360297,15385286400,200,원(KRW),02-2121-5114,서울특별시 종로구 종로 26 SK주식회사
79,KRX:011790,11790,SKC,32004,기타 화학제품 제조업,36779163,183895815000,5000,원(KRW),031-250-7114,경기도 수원시 장안구 장안로309번길 84 (정자동)
80,KRX:018670,18670,SK가스,74607,기타 전문 도매업,8796377,43981885000,5000,원(KRW),02-6200-8424,경기도 성남시 분당구 판교로 332 ECO Hub
81,KRX:001740,1740,SK네트웍스,74607,기타 전문 도매업,248187647,620753237500,2500,원(KRW),02-2221-2114,서울특별시 중구 남대문로 90 5-3 SK네트웍스
82,KRX:096770,96770,SK이노베이션,137105,"회사본부, 지주회사 및 경영컨설팅 서비스업",92465564,468569950000,5000,원(KRW),02-2121-5114,서울특별시 종로구 종로 26
83,KRX:001510,1510,SK증권,116601,금융지원 서비스업,320117171,162014842500,500,원(KRW),02-3773-8245,서울특별시 영등포구 국제금융로2길 24
84,KRX:006120,6120,SK케미칼,32005,화학섬유 제조업,20843047,118300860000,5000,원(KRW),02-2008-2008,경기도 성남시 분당구 판교로 310
85,KRX:017670,17670,SK텔레콤,106102,전기통신업,80745711,44639473000,500,원(KRW),02-6100-2114,서울특별시 중구 을지로 65 (을자로2가)
86,KRX:000660,660,SK하이닉스,32601,반도체 제조업,728002365,3657652050000,5000,원(KRW),031-630-4114,경기도 이천시 부발읍 경충대로 2091
87,KRX:011810,11810,STX,74608,상품 종합 도매업,29879710,74699275000,2500,원(KRW),02-316-9600,경상남도 창원시 성산구 중앙대로 105
88,KRX:077970,77970,STX엔진,32901,일반 목적용 기계 제조업,23008904,57522260000,2500,원(KRW),-,경상남도 창원시 성산구 공단로474번길 36
89,KRX:071970,71970,STX중공업,32901,일반 목적용 기계 제조업,22325027,55812567500,2500,원(KRW),055-280-0700,경상남도 창원시 성산구 남면로 381
90,KRX:002710,2710,TCC동양,32401,1차 철강 제조업,20000000,20000000000,1000,원(KRW),02-2633-3311,경상북도 포항시 남구 괴동로 100
91,KRX:024070,24070,WISCOM,32202,플라스틱제품 제조업,15025920,7512960000,500,원(KRW),031-495-1181,경기도 안산시 단원구 강촌로 237
92,KRX:037270,37270,YG PLUS,137103,광고업,57510854,29380427000,500,원(KRW),02-3140-4600,서울특별시 강남구 도산대로15길 12 -
93,KRX:000500,500,가온전선,32803,절연선 및 케이블 제조업,4160347,20801735000,5000,원(KRW),02-6921-3921,경기도 군포시 엘에스로45번길 120
94,KRX:035250,35250,강원랜드,189102,유원지 및 기타 오락관련 서비스업,213940500,106970250000,500,원(KRW),033-590-7700,강원도 정선군 사북읍 하이원길 265 강원랜드
95,KRX:000860,860,건설화학공업,32004,기타 화학제품 제조업,6500000,6500000000,1000,원(KRW),051-892-4221,부산광역시 부산진구 냉정로 289 (가야동)
96,KRX:008020,8020,경남에너지,43502,가스 제조 및 배관공급업,41249008,20624504000,500,원(KRW),055-260-4231,경상남도 창원시 성산구 연덕로 18 (웅남동)
97,KRX:002100,2100,경농,32004,기타 화학제품 제조업,21691750,10845875000,500,원(KRW),02-3488-5800,서울특별시 서초구 강남대로39길 15-10한라비발디스튜디오193
98,KRX:009450,9450,경동나비엔,32805,가정용 기기 제조업,12739510,12739510000,1000,원(KRW),031-659-1144,경기도 평택시 서탄면 수월암길 95 -
99,KRX:012320,12320,경동도시가스,43502,가스 제조 및 배관공급업,3484800,17424000000,5000,원(KRW),052-219-5300,울산광역시 북구 염포로 260-10
100,KRX:000050,50,경방,31301,방적 및 가공사 제조업,2741527,13707635000,5000,원(KRW),02-2638-6000,서울특별시 영등포구 영중로 15 (영등포동 4가)
101,KRX:214390,214390,경보제약,32101,기초 의약물질 및 생물학적 제제 제조업,23906860,11953430000,500,원(KRW),02-2175-2315,충청남도 아산시 실옥로 174
102,KRX:012610,12610,경인양행,32001,기초화학물질 제조업,40396365,20198182500,500,원(KRW),032-571-7498,인천광역시 서구 건지로 199 (석남동) 223-52
103,KRX:009140,9140,경인전자,32602,전자부품 제조업,1570797,7853985000,5000,원(KRW),02-2113-2000,"서울특별시 금천구 가산디지털2로 184 1411호(가산동,벽산/경인디지털밸리2)"
104,KRX:013580,13580,계룡건설산업,64102,토목 건설업,8930907,44654535000,5000,원(KRW),042-480-7114-5,대전광역시 서구 문정로48번길 48 -
105,KRX:012200,12200,계양전기,32901,일반 목적용 기계 제조업,32600000,17000000000,500,원(KRW),02-559-6800,서울특별시 강남구 테헤란로 508 (대치동)해성2빌딩 2층
106,KRX:004200,4200,고려개발,64102,토목 건설업,20000000,100000000000,5000,원(KRW),031-420-9000,"경기도 용인시 수지구 풍덕천로 112 501(풍덕천동, 하나프라자빌딩)"
107,KRX:002140,2140,고려산업,31006,"곡물가공품, 전분 및 전분제품 제조업",24939425,24939425000,1000,원(KRW),051-600-5069,부산광역시 사상구 새벽시장로 21(감전동)
108,KRX:010130,10130,고려아연,32402,1차 비철금속 제조업,18870000,94350000000,5000,원(KRW),02-519-3416,서울특별시 강남구 강남대로 542 영풍빌딩
109,KRX:002240,2240,고려제강,32401,1차 철강 제조업,18000000,18000000000,1000,원(KRW),051-760-1700,부산광역시 수영구 구락로 150
110,KRX:009810,9810,고려포리머,74607,기타 전문 도매업,33709316,16854658000,500,원(KRW),02-6000-7800,"서울특별시 강남구 영동대로 513 100-1(삼성동, 코엑스상사전시장C-)"
111,KRX:001290,1290,골든브릿지증권,116601,금융지원 서비스업,63737067,65040543000,1000,원(KRW),02-3779-3000,서울특별시 서대문구 충정로 50 골든브릿지빌딩
112,KRX:009290,9290,광동제약,32102,의약품 제조업,52420851,52420851000,1000,원(KRW),02-6006-7777,서울특별시 서초구 서초중앙로 85 가산빌딩
113,KRX:017040,17040,광명전기,32801,"전동기, 발전기 및 전기 변환 공급 제어 장치 제조업",43337615,21668807500,500,원(KRW),031-494-0720,경기도 안산시 단원구 목내로 160 (목내동)
114,KRX:017900,17900,광전자,32601,반도체 제조업,57943763,28971881500,500,원(KRW),063-839-1111,전라북도 익산시 약촌로 133 (신흥동)
115,KRX:037710,37710,광주신세계,74701,종합 소매업,1600000,8000000000,5000,원(KRW),062-360-1234,광주광역시 서구 무진대로 932 (주)광주신세계
116,KRX:192530,192530,광주은행,116401,은행 및 저축기관,51316057,256580285000,5000,원(KRW),062-239-5000,광주광역시 동구 제봉로 225
117,KRX:140910,140910,광희리츠,126801,부동산 임대 및 공급업,3628735,18143675000,5000,원(KRW),02-2077-5800,"서울특별시 마포구 마포대로 109 3302(공덕동, 롯데캐슬프레지던트제33층제오)"
118,KRX:030610,30610,교보증권,116601,금융지원 서비스업,36000000,180000000000,5000,원(KRW),02-3771-9000,서울특별시 영등포구 의사당대로 97 교보증권빌딩
119,KRX:007690,7690,국도화학,32001,기초화학물질 제조업,5810616,29053080000,5000,원(KRW),02-3282-1400,서울특별시 금천구 가산디지털2로 61
120,KRX:005320,5320,국동,74604,가정용품 도매업,4696124,2348062000,500,원(KRW),02-3407-7710,"서울특별시 동대문구 천호대로 405 7,8층(장안동,동보빌딩)"
121,KRX:001140,1140,국보,84903,도로 화물 운송업,1027304,5136520000,5000,원(KRW),02-765-5544,서울특별시 중구 소공로 88
122,KRX:002720,2720,국제약품공업,32102,의약품 제조업,16607318,16607318000,1000,원(KRW),031-781-9081,경기도 성남시 분당구 야탑로 96-8
123,KRX:014530,14530,극동유화,31902,석유 정제품 제조업,3486942,17434710000,5000,원(KRW),055-370-9900,경상남도 양산시 어실로 101
124,KRX:014280,14280,금강공업,32401,1차 철강 제조업,4855964,24869695000,5000,원(KRW),051-264-8881,부산광역시 사하구 다산로 110
125,KRX:008870,8870,금비,32301,유리 및 유리제품 제조업,1000000,5000000000,5000,원(KRW),031-632-5280,경기도 이천시 부발읍 중부대로1707번길 13
126,KRX:001570,1570,금양,32001,기초화학물질 제조업,39353308,19676654000,500,원(KRW),051-316-5881,부산광역시 사상구 낙동대로960번길 81 (감전동) (주)금양
127,KRX:002990,2990,금호산업,64101,건물 건설업,34806923,175495945000,5000,원(KRW),02-6303-0114,전라남도 나주시 시청길 4
128,KRX:011780,11780,금호석유화학,32001,기초화학물질 제조업,30467691,167455885000,5000,원(KRW),02-6961-1114,"서울특별시 중구 청계천로 100(수표동, 시그니쳐타워)"
129,KRX:214330,214330,금호에이치티,33003,자동차 부품 제조업,9765000,4882500000,500,원(KRW),062-958-2700,광주광역시 광산구 용아로 717
130,KRX:001210,1210,금호전기,32804,전구 및 조명장치 제조업,6916051,34580255000,5000,원(KRW),02-707-4000,서울특별시 마포구 마포대로4다길 41 마포타워빌딩
131,KRX:073240,73240,금호타이어,32201,고무제품 제조업,157993158,789965790000,5000,원(KRW),02-6303-8114,광주광역시 광산구 어등대로 658
132,KRX:092440,92440,기신정기,32902,특수 목적용 기계 제조업,29200000,14600000000,500,원(KRW),032-820-1600,"인천광역시 남동구 은봉로 111 49동 1호(논현동, 남동공단)"
133,KRX:000270,270,기아자동차,33001,자동차용 엔진 및 자동차 제조업,405363347,2139316735000,5000,원(KRW),02-3464-1114,서울특별시 서초구 헌릉로 12 기아자동차
134,KRX:024110,24110,기업은행,116401,은행 및 저축기관,556401958,2782009790000,5000,원(KRW),02-729-6114,서울특별시 중구 을지로 79 중소기업은행본점
135,KRX:004540,4540,깨끗한나라,31701,"펄프, 종이 및 판지 제조업",32228965,162975625000,5000,원(KRW),02-2270-9200,서울특별시 중구 삼일대로6길 5 신조양빌딩 8층
136,KRX:007460,7460,나라케이아이씨,32509,기타 금속가공제품 제조업,13022966,6511483000,500,원(KRW),02-3440-3000,서울특별시 강남구 영동대로 719 나라빌딩
137,KRX:001260,1260,남광토건,64102,토목 건설업,7239624,36198120000,5000,원(KRW),02-3011-0114,"서울특별시 강동구 천호대로 1139(길동, 강동그린타워)"
138,KRX:008350,8350,남선알미늄,32402,1차 비철금속 제조업,110179090,55243490000,500,원(KRW),053-610-5110,대구광역시 달성군 논공읍 논공중앙로 288
139,KRX:004270,4270,남성,74607,기타 전문 도매업,36212160,18106080000,500,원(KRW),02-2109-1550,서울특별시 구로구 디지털로31길 20 크라운프라자 13층 (주)남성
140,KRX:003920,3920,남양유업,31005,낙농제품 및 식용빙과류 제조업,720000,4433310000,5000,원(KRW),02-2010-6601,서울특별시 중구 남대문로 120 대일빌딩
141,KRX:002070,2070,남영비비안,31401,봉제의복 제조업,6867945,6867945000,1000,원(KRW),02-3780-1114,서울특별시 용산구 서빙고로51길 52
142,KRX:025860,25860,남해화학,32002,비료 및 질소화합물 제조업,49678843,49678843000,1000,원(KRW),02-2262-0513,서울특별시 중구 퇴계로 173
143,KRX:005720,5720,넥센,137105,"회사본부, 지주회사 및 경영컨설팅 서비스업",5088017,27240385000,5000,원(KRW),055-333-0771,경상남도 김해시 김해대로 2595
144,KRX:002350,2350,넥센타이어,32201,고무제품 제조업,96415877,53457938500,500,원(KRW),055-370-5114,경상남도 양산시 충렬로 355 넥센타이어
145,KRX:110570,110570,넥솔론,32601,반도체 제조업,160711257,80355628500,500,원(KRW),02-2046-7000,전라북도 익산시 서동로 291 (신흥동) (주)넥솔론
146,KRX:090350,90350,노루페인트,32004,기타 화학제품 제조업,20000000,10231563000,500,원(KRW),031-467-6114,경기도 안양시 만안구 박달로 351
147,KRX:000320,320,노루홀딩스,137105,"회사본부, 지주회사 및 경영컨설팅 서비스업",13198611,8500200500,500,원(KRW),02-2191-7700,경기도 안양시 만안구 박달로 351
148,KRX:006280,6280,녹십자,32102,의약품 제조업,11686538,58432690000,5000,원(KRW),031-260-9304,경기도 용인시 기흥구 이현로30번길 107(보정동)
149,KRX:005250,5250,녹십자홀딩스,137105,"회사본부, 지주회사 및 경영컨설팅 서비스업",47028210,26579335000,500,원(KRW),031-260-9300,경기 용인시 구성읍 동백리 (주)녹십자 303
150,KRX:004370,4370,농심,31007,기타 식품 제조업,6082642,30413210000,5000,원(KRW),02-820-7114,서울특별시 동작구 여의대방로 112
151,KRX:072710,72710,농심홀딩스,137105,"회사본부, 지주회사 및 경영컨설팅 서비스업",4637790,23188950000,5000,원(KRW),02-820-7820,서울특별시 동작구 여의대방로 112 (신대방동)
152,KRX:023590,23590,다우기술,106301,"자료처리, 호스팅, 포털 및 기타 인터넷 정보매개서비스업",44866617,22433308500,500,원(KRW),070-8707-1000,경기도 용인시 수지구 디지털벨리로 81 디지털스퀘어 6층
153,KRX:020120,20120,다우인큐브,106201,"컴퓨터 프로그래밍, 시스템 통합 및 관리업",15832549,7916274500,500,원(KRW),070-8707-2323,"경기도 용인시 수지구 디지털벨리로 81 (죽전동, 디지털스퀘어 2층)"
154,KRX:015590,15590,대경기계기술,32901,일반 목적용 기계 제조업,54739890,27369945000,500,원(KRW),052-278-9000,울산광역시 남구 처용로 260-37
155,KRX:019680,19680,대교,168501,초등 교육기관,84702850,52064920000,500,원(KRW),02-829-1114,서울특별시 관악구 보라매로 3길 23 (보라매동 729-21) 대교타워
156,KRX:006370,6370,대구백화점,74701,종합 소매업,10821611,54108055000,5000,원(KRW),053-423-1234,대구광역시 중구 동성로 30 9층 재무팀
157,KRX:004130,4130,대덕GDS,32602,전자부품 제조업,20575613,11367806500,500,원(KRW),031-8040-8072,경기도 안산시 단원구 산단로 63
158,KRX:008060,8060,대덕전자,32602,전자부품 제조업,48796300,24398150000,500,원(KRW),031-599-8829,경기도 시흥시 소망공원로 335 (정왕동)
159,KRX:000490,490,대동공업,32902,특수 목적용 기계 제조업,23728210,23728210000,1000,원(KRW),053-610-3000,대구광역시 달성군 논공읍 논공중앙로34길 35 35
160,KRX:008110,8110,대동전자,32604,통신 및 방송 장비 제조업,10490447,5245223500,500,원(KRW),02-855-5121,서울특별시 금천구 가산디지털1로 33
161,KRX:005750,5750,대림비앤코,32302,도자기 및 기타 요업제품 제조업,15501672,15501672000,1000,원(KRW),055-280-8400,경상남도 창원시 성산구 공단로 52
162,KRX:000210,210,대림산업,64102,토목 건설업,34800000,218500000000,5000,원(KRW),02-2011-7114,서울특별시 종로구 종로1길 36 대림빌딩
163,KRX:006570,6570,대림통상,32509,기타 금속가공제품 제조업,15225000,16425000000,1000,원(KRW),02-730-9811,서울특별시 서대문구 연희로 142
164,KRX:001680,1680,대상,31007,기타 식품 제조업,34411575,36018248000,1000,원(KRW),02-2220-9500,서울특별시 동대문구 천호대로 26
165,KRX:084690,84690,대상홀딩스,137105,"회사본부, 지주회사 및 경영컨설팅 서비스업",36212538,37126020000,1000,원(KRW),02-2211-6500,서울특별시 중구 세종대로9길 41 올리브타워 2층
166,KRX:128820,128820,대성산업,74707,연료 소매업,24087955,120439775000,5000,원(KRW),02-2170-2125,"서울특별시 구로구 경인로 662(신도림동, 디큐브시티)"
167,KRX:117580,117580,대성에너지,43502,가스 제조 및 배관공급업,27500000,27500000000,1000,원(KRW),053-606-1000,대구광역시 중구 명덕로 85 (남산동)
168,KRX:005620,5620,대성합동지주,137105,"회사본부, 지주회사 및 경영컨설팅 서비스업",1799077,8995385000,5000,원(KRW),02-2170-2164,"서울특별시 구로구 경인로 662 (신도림동, 디큐브시티)"
169,KRX:016710,16710,대성홀딩스,137105,"회사본부, 지주회사 및 경영컨설팅 서비스업",16089459,16089459000,1000,원(KRW),053-606-1000,대구광역시 중구 명덕로 85 대성홀딩스
170,KRX:003540,3540,대신증권,116601,금융지원 서비스업,50773400,434867000000,5000,원(KRW),02-769-2000,서울특별시 영등포구 국제금융로8길 16
171,KRX:009190,9190,대양금속,32401,1차 철강 제조업,61589669,30794834500,500,원(KRW),041-333-4675,충청남도 예산군 신암면 추사로 146-8
172,KRX:014160,14160,대영포장,31702,"골판지, 종이 상자 및 종이 용기 제조업",100070155,50035077500,500,원(KRW),031-490-9300,"경기도 안산시 단원구 산단로 265 (원시동, 대영포장(주))"
173,KRX:047040,47040,대우건설,64101,건물 건설업,415622638,2078113190000,5000,원(KRW),02-2288-3114,서울특별시 종로구 새문안로 75 (주)대우건설
174,KRX:009320,9320,대우부품,33003,자동차 부품 제조업,41875796,20937898000,500,원(KRW),063-530-8171,전라북도 정읍시 공단2길 3
175,KRX:047050,47050,대우인터내셔널,74601,상품 중개업,113876291,569381455000,5000,원(KRW),02-759-2114,서울특별시 중구 통일로 10 연세재단세브란스빌딩
176,KRX:042660,42660,대우조선해양,33101,선박 및 보트 건조업,191390758,961953790000,5000,원(KRW),02-2129-0114,서울특별시 중구 남대문로 125 (다동) 대우조선해양빌딩
177,KRX:006800,6800,대우증권,116601,금융지원 서비스업,326700891,1703883205000,5000,원(KRW),02-768-3355,서울특별시 영등포구 국제금융로 56 대우증권 빌딩
178,KRX:003090,3090,대웅,137105,"회사본부, 지주회사 및 경영컨설팅 서비스업",11628396,29070990000,2500,원(KRW),02-550-8800,경기 성남시 중원구 상대원동 223-23
179,KRX:069620,69620,대웅제약,32102,의약품 제조업,11586575,28966437500,2500,원(KRW),02-550-8800,경기도 성남시 중원구 갈마치로 244
180,KRX:000430,430,대원강업,33003,자동차 부품 제조업,62000000,31000000000,500,원(KRW),02-3455-7300,충청남도 천안시 서북구 성거읍 오목모전길 117-8 대원강업주식회사
181,KRX:006340,6340,대원전선,32803,절연선 및 케이블 제조업,68107171,35364185500,500,원(KRW),041-339-3400,충청남도 예산군 고덕면 호음덕령길 92
182,KRX:003220,3220,대원제약,32102,의약품 제조업,17171002,8585501000,500,원(KRW),02-498-9100-7,서울특별시 성동구 천호대로 386 대원제약
183,KRX:024890,24890,대원화성,32202,플라스틱제품 제조업,41249152,20624576000,500,원(KRW),031-372-3992,서울특별시 강남구 봉은사로 327 궁도빌딩 13층
184,KRX:000300,300,대유신소재,33003,자동차 부품 제조업,88120526,44060263000,500,원(KRW),031-350-1500,광주광역시 서구 화운로230번길 28
185,KRX:002880,2880,대유에이텍,33003,자동차 부품 제조업,91447161,45723580500,500,원(KRW),062-940-8677,광주광역시 광산구 소촌로123번길 40-12
186,KRX:012800,12800,대창,32402,1차 비철금속 제조업,91140499,45570249500,500,원(KRW),031-496-3000,경기도 시흥시 공단1대로 391
187,KRX:015230,15230,대창단조,33003,자동차 부품 제조업,2000000,10000000000,5000,원(KRW),055-329-3911,경남 김해시 생림면 봉림리 1072-1
188,KRX:001070,1070,대한방직,31302,직물직조 및 직물제품 제조업,1060000,5300000000,5000,원(KRW),02-368-0114,"서울특별시 영등포구 국제금융로2길 17 (여의도동,대한빌딩)"
189,KRX:006650,6650,대한유화,32001,기초화학물질 제조업,6500000,41000000000,5000,원(KRW),02-2122-1515,서울특별시 종로구 자하문로 77 유남빌딩
190,KRX:001440,1440,대한전선,32803,절연선 및 케이블 제조업,839089231,419544615500,500,원(KRW),02-316-9114,"경기도 안양시 동안구 시민대로 180, 25층-28층(호계동, 지스퀘어)"
191,KRX:084010,84010,대한제강,32401,1차 철강 제조업,24646734,24646734000,1000,원(KRW),051-220-3300,부산광역시 사하구 하신번영로 69
192,KRX:001790,1790,대한제당,31006,"곡물가공품, 전분 및 전분제품 제조업",8840002,24044835000,2500,원(KRW),032-770-1400,인천광역시 중구 월미로 116(북성동1가)
193,KRX:001130,1130,대한제분,31006,"곡물가공품, 전분 및 전분제품 제조업",1690000,8450000000,5000,원(KRW),02-3455-0200,서울특별시 중구 세종대로 39
194,KRX:003490,3490,대한항공,85101,정기 항공 운송업,72839744,369752690000,5000,원(KRW),02-2656-7114,서울특별시 강서구 하늘길 260
195,KRX:005880,5880,대한해운,85001,해상 운송업,24426504,122132520000,5000,원(KRW),02-3701-0114,서울특별시 강남구 삼성로 570
196,KRX:003830,3830,대한화섬,32005,화학섬유 제조업,1328000,6640000000,5000,원(KRW),02-3406-0300,서울특별시 중구 동호로 310
197,KRX:016090,16090,대현,31401,봉제의복 제조업,45282310,26906155000,500,원(KRW),02-3485-7000,서울특별시 서초구 강남대로51길 1 대현블루타워
198,KRX:069460,69460,대호에이엘,32402,1차 비철금속 제조업,27134839,13567419500,500,원(KRW),053-610-5400,대구광역시 달성군 논공읍 논공중앙로 211
199,KRX:084870,84870,더베이직하우스,31401,봉제의복 제조업,20856819,10428409500,500,원(KRW),02-2058-3800,서울특별시 강남구 봉은사로 456 베이직하우스빌딩(삼성동)
200,KRX:012510,12510,더존비즈온,106201,"컴퓨터 프로그래밍, 시스템 통합 및 관리업",29672700,14836350000,500,원(KRW),02-6233-3000,강원도 춘천시 남산면 버들1길 130
201,KRX:004830,4830,덕성,32202,플라스틱제품 제조업,15680000,8536000000,500,원(KRW),031-204-0781,경기도 수원시 영통구 신원로 25
202,KRX:024900,24900,덕양산업,33003,자동차 부품 제조업,32564980,16282490000,500,원(KRW),052-219-1114,울산광역시 북구 효암로 366
203,KRX:008000,8000,도레이케미칼,32005,화학섬유 제조업,46363851,237230757000,5000,원(KRW),054-469-4114,경상북도 구미시 구미대로 102
204,KRX:002150,2150,도화엔지니어링,137201,"건축기술, 엔지니어링 및 관련기술 서비스업",33720000,16860000000,500,원(KRW),02-6323-3032,서울특별시 강남구 삼성로 438 도화타워
205,KRX:001620,1620,동국실업,33003,자동차 부품 제조업,26334520,13167260000,500,원(KRW),02-754-2961,서울특별시 용산구 한강대로 350
206,KRX:001230,1230,동국제강,32401,1차 철강 제조업,95358542,588857060000,5000,원(KRW),02-317-1114,서울특별시 중구 을지로5길 19 페럼타워
207,KRX:023450,23450,동남합성,32004,기타 화학제품 제조업,1279883,6399415000,5000,원(KRW),041-840-3100,충청남도 공주시 탄천면 탄천산업단지길 80-61 -
208,KRX:004140,4140,동방,84903,도로 화물 운송업,21523970,21523970000,1000,원(KRW),02-2190-8100,서울특별시 중구 남대문로 63 한진빌딩 23층
209,KRX:007590,7590,동방아그로,32004,기타 화학제품 제조업,13617577,6808788500,500,원(KRW),02-580-3600,"서울특별시 관악구 남부순환로 2028 남현동, 동방빌딩"
210,KRX:012030,12030,동부,106201,"컴퓨터 프로그래밍, 시스템 통합 및 관리업",18212632,91063160000,5000,원(KRW),02-2136-6000,서울특별시 강남구 삼성로96길 23 7층
211,KRX:005960,5960,동부건설,64102,토목 건설업,8526639,44087625000,5000,원(KRW),02-3484-2114,서울특별시 용산구 한강대로 372 제D동
212,KRX:016380,16380,동부제철,32401,1차 철강 제조업,20000488,103209125000,5000,원(KRW),02-3450-8114,서울특별시 중구 후암로 98STX 남산타워
213,KRX:016610,16610,동부증권,116601,금융지원 서비스업,42446389,212231945000,5000,원(KRW),02-369-3000,서울특별시 영등포구 국제금융로8길 32 동부증권빌딩
214,KRX:000990,990,동부하이텍,32601,반도체 제조업,44367832,222400740000,5000,원(KRW),02-3484-2888,서울특별시 강남구 테헤란로 432 (주)동부하이텍
215,KRX:005830,5830,동부화재해상보험,116501,보험업,70800000,35400000000,500,원(KRW),02-3011-3114,서울특별시 강남구 테헤란로 432
216,KRX:083350,83350,동북아10호선박투자,126901,운송장비 임대업,1585660,7928300000,5000,원(KRW),02-590-1400,부산광역시 사상구 사상로 461 (모라동)
217,KRX:083360,83360,동북아11호선박투자,126901,운송장비 임대업,1585660,7928300000,5000,원(KRW),02-590-1400,부산광역시 사상구 사상로 461 (모라동)
218,KRX:083370,83370,동북아12호선박투자,126901,운송장비 임대업,1585660,7928300000,5000,원(KRW),02-590-1400,부산광역시 사상구 사상로 461 (모라동)
219,KRX:083380,83380,동북아13호선박투자,126901,운송장비 임대업,1585660,7928300000,5000,원(KRW),02-590-1400,부산광역시 사상구 사상로 461 (모라동)
220,KRX:083390,83390,동북아14호선박투자,126901,운송장비 임대업,1585660,7928300000,5000,원(KRW),02-590-1400,부산광역시 사상구 사상로 461 (모라동)
221,KRX:002210,2210,동성제약,32102,의약품 제조업,22404756,22404756000,1000,원(KRW),02-6911-3600,서울특별시 도봉구 도봉로 683 (방학동) 동성빌딩
222,KRX:102260,102260,동성코퍼레이션,137105,"회사본부, 지주회사 및 경영컨설팅 서비스업",45444970,45444970000,1000,원(KRW),02-2136-4300,부산광역시 사하구 신산로 99
223,KRX:005190,5190,동성화학,32001,기초화학물질 제조업,5121497,5317177000,1000,원(KRW),051-200-4500,부산광역시 사하구 신산로 99
224,KRX:000640,640,동아쏘시오홀딩스,137105,"회사본부, 지주회사 및 경영컨설팅 서비스업",4666791,23333955000,5000,원(KRW),02-920-8114,서울특별시 동대문구 천호대로 64
225,KRX:058730,58730,동아에스텍,32501,"구조용 금속제품, 탱크 및 증기발생기 제조업",12763000,6681500000,500,원(KRW),061-370-2114,전라남도 화순군 동면 동농공길 26-2
226,KRX:170900,170900,동아에스티,32102,의약품 제조업,7961612,39808060000,5000,원(KRW),02-920-8114,서울 동대문구 용두동 138 ~255 천호대로 64
227,KRX:008040,8040,동아원,31006,"곡물가공품, 전분 및 전분제품 제조업",65180349,32590174500,500,원(KRW),02-789-9524,서울특별시 영등포구 63로 50
228,KRX:028100,28100,동아지질,64201,기반조성 및 시설물 축조관련 전문공사업,11500000,5750000000,500,원(KRW),051-580-5550,부산광역시 금정구 금샘로 347 동아지질
229,KRX:007340,7340,동아타이어공업,32201,고무제품 제조업,23727020,11863510000,500,원(KRW),055-389-0011,경상남도 양산시 유산공단11길 11 동아타이어공업
230,KRX:001520,1520,동양,32303,"시멘트, 석회, 플라스터 및 그 제품 제조업",238187049,119601535500,500,원(KRW),02-3770-3000,"서울특별시 중구 청계천로 100, 서관(수표동, 시그니쳐타워)"
231,KRX:084670,84670,동양고속,84902,육상 여객 운송업,2652000,13260000000,5000,원(KRW),02-535-3111,경기도 안양시 동안구 흥안대로 67
232,KRX:030790,30790,동양네트웍스,74608,상품 종합 도매업,31636187,15818093500,500,원(KRW),02-6923-0000,"서울특별시 송파구 백제고분로 69 (잠실동, 애플타워)"
233,KRX:002900,2900,동양물산기업,32902,특수 목적용 기계 제조업,6538890,32694450000,5000,원(KRW),02-3014-2742,서울특별시 강남구 언주로133길 7
234,KRX:082640,82640,동양생명,116501,보험업,107572390,537861950000,5000,원(KRW),02-1577-1004,서울특별시 종로구 종로 33 (청진동)
235,KRX:008970,8970,동양철관,32401,1차 철강 제조업,81451824,40725912000,500,원(KRW),02-6903-0200,충청남도 천안시 동남구 풍세면 풍세로 515 동양철관(주)
236,KRX:003580,3580,동원,20702,기타 비금속광물 광업,4714788,23573940000,5000,원(KRW),02-397-7413,강원도 정선군 사북읍 동탄길 32
237,KRX:049770,49770,동원F&B,31007,기타 식품 제조업,3859124,19295620000,5000,원(KRW),02-589-3000-1,서울특별시 서초구 마방로 68 (양재동) 동원산업빌딩
238,KRX:018500,18500,동원금속,33003,자동차 부품 제조업,34290117,17145058500,500,원(KRW),053-859-2311,경상북도 경산시 진량읍 북리1길 69
239,KRX:006040,6040,동원산업,10301,어로 어업,3363200,16816000000,5000,원(KRW),02-589-3333,서울특별시 서초구 마방로 68 (양재동)
240,KRX:030720,30720,동원수산,10301,어로 어업,4059609,20298045000,5000,원(KRW),02-528-8000,서울특별시 강남구 테헤란로8길 8 동주빌딩 6층
241,KRX:014820,14820,동원시스템즈,32202,플라스틱제품 제조업,24079554,121724560000,5000,원(KRW),02-589-4700,경기도 성남시 중원구 둔촌대로541번길 46(상대원동)
242,KRX:163560,163560,동일고무벨트,32201,고무제품 제조업,11890000,5945000000,500,원(KRW),051-520-9114,부산광역시 금정구 공단동로55번길 28
243,KRX:001530,1530,동일방직,31301,방적 및 가공사 제조업,2253852,11269260000,5000,원(KRW),02-2222-3071,서울특별시 강남구 테헤란로 516 정헌빌딩 8층
244,KRX:004890,4890,동일산업,32401,1차 철강 제조업,2425215,12126075000,5000,원(KRW),054-288-7500,경상북도 포항시 남구 괴동로 112 (장흥동) 동일산업(주)
245,KRX:002690,2690,동일제강,32401,1차 철강 제조업,15000000,7500000000,500,원(KRW),031-677-1234,경기도 안성시 미양면 안성맞춤대로 474-40
246,KRX:019300,19300,동일제지,31701,"펄프, 종이 및 판지 제조업",39690000,19845000000,500,원(KRW),031-491-0010,경기도 안산시 단원구 해안로 104 목내동
247,KRX:000020,20,동화약품,32102,의약품 제조업,27931470,27931470000,1000,원(KRW),02-2021-9300,서울특별시 중구 후암로 98 19층(남대문로5가)
248,KRX:000150,150,두산,137105,"회사본부, 지주회사 및 경영컨설팅 서비스업",21270888,134838235000,5000,원(KRW),02-3398-1181,서울특별시 중구 장충단로 275 두산타원
249,KRX:011160,11160,두산건설,64101,건물 건설업,59384249,306921245000,5000,원(KRW),02-510-3114,서울특별시 강남구 언주로 726(논현동)
250,KRX:082740,82740,두산엔진,32901,일반 목적용 기계 제조업,69500000,69500000000,1000,원(KRW),055-260-6000,경상남도 창원시 성산구 공단로21번길 18
251,KRX:042670,42670,두산인프라코어,32902,특수 목적용 기계 제조업,207455314,1037276570000,5000,원(KRW),032-211-1114,인천광역시 동구 인중로 489(화수동)
252,KRX:034020,34020,두산중공업,32901,일반 목적용 기계 제조업,106158256,530791280000,5000,원(KRW),055-278-6114,경상남도 창원시 성산구 두산볼보로 22 두산중공업 주식회사
253,KRX:024090,24090,디씨엠,32401,1차 철강 제조업,11700000,6000000000,500,원(KRW),055-366-9991,경상남도 양산시 웅상농공단지길 55
254,KRX:003160,3160,디아이,32702,"측정, 시험, 항해, 제어 및 기타 정밀기기 제조업; 광학기기 제외",31496785,17248392500,500,원(KRW),02-546-5501,서울특별시 강남구 논현로 703
255,KRX:092200,92200,디아이씨,33003,자동차 부품 제조업,21700000,10850000000,500,원(KRW),052-255-0500,울산광역시 울주군 두동면 봉계농공길 8
256,KRX:013570,13570,디와이,137105,"회사본부, 지주회사 및 경영컨설팅 서비스업",26319633,13159816500,500,원(KRW),032-810-4100,인천광역시 남동구 남동서로362번길 36 (남촌동)
257,KRX:210540,210540,디와이파워,32902,특수 목적용 기계 제조업,11041708,5520854000,500,원(KRW),055-278-0800,경상남도 창원시 성산구 웅남로 812 (성주동)
258,KRX:026890,26890,디피씨,32801,"전동기, 발전기 및 전기 변환 공급 제어 장치 제조업",41678175,20839087500,500,원(KRW),031-599-0100,경기도 안산시 단원구 산단로19번길 145(목내동)
259,KRX:115390,115390,락앤락,32202,플라스틱제품 제조업,55000000,27500000000,500,원(KRW),02-520-9539,충청남도 아산시 선장면 삽교천로 104 (주)락앤락
260,KRX:032350,32350,롯데관광개발,147502,여행사 및 기타 여행보조 서비스업,24613632,12306816000,500,원(KRW),1577-3000,서울특별시 종로구 세종대로 149 (세종로)
261,KRX:000400,400,롯데손해보험,116501,보험업,134280000,134280000000,1000,원(KRW),02-1588-3344,서울특별시 중구 소월로 3 롯데손해보험빌딩
262,KRX:023530,23530,롯데쇼핑,74701,종합 소매업,31490892,157454460000,5000,원(KRW),02-771-2500,서울특별시 중구 남대문로 81 (소공동)
263,KRX:004990,4990,롯데제과,31007,기타 식품 제조업,1421400,7107000000,5000,원(KRW),02-2670-6114,서울특별시 영등포구 양평로21길 10
264,KRX:005300,5300,롯데칠성음료,31102,비알콜음료 및 얼음 제조업,1237203,6786015000,5000,원(KRW),02-3479-9114,서울특별시 서초구 서초대로70길 15
265,KRX:011170,11170,롯데케미칼,32001,기초화학물질 제조업,34275419,171377095000,5000,원(KRW),02-829-4114,서울특별시 동작구 보라매로5길 51 롯데타워 11층
266,KRX:002270,2270,롯데푸드,31005,낙농제품 및 식용빙과류 제조업,1369436,6847180000,5000,원(KRW),02-2629-0114,서울특별시 영등포구 양평로21길 10
267,KRX:071840,71840,롯데하이마트,74703,정보통신장비 소매업,23607712,118038560000,5000,원(KRW),02-2050-5000,서울특별시 강남구 삼성로 156 롯데하이마트빌딩
268,KRX:027740,27740,마니커,31001,"도축, 육류 가공 및 저장 처리업",72001070,36000535000,500,원(KRW),031-281-5300,경기도 용인시 기흥구 용구대로2219번길 3 (신갈동)
269,KRX:204320,204320,만도,33003,자동차 부품 제조업,9391424,46957120000,5000,원(KRW),031-680-6114,경기도 평택시 포승읍 하만호길 32
270,KRX:001080,1080,만호제강,32401,1차 철강 제조업,4150000,4150000000,1000,원(KRW),051-601-0351,부산광역시 강서구 녹산화전로 71
271,KRX:088980,88980,맥쿼리인프라,116402,투자기관,331459341,1670985754511,0,원(KRW),02-3705-8565,"서울특별시 중구 소공로 109 소공동, 한화빌딩 9층"
272,KRX:094800,94800,맵스리얼티1,116402,투자기관,92834331,464171655000,0,원(KRW),02-769-7892,서울 영등포구 여의도동 미래에셋빌딩 45-1
273,KRX:138040,138040,메리츠금융지주,116409,기타 금융업,142885818,71442909000,500,원(KRW),02-2018-6824,서울특별시 강남구 강남대로 382
274,KRX:008560,8560,메리츠종금증권,116601,금융지원 서비스업,496638534,496638534000,1000,원(KRW),02-785-6611,서울특별시 영등포구 국제금융로6길 15 (여의도동)
275,KRX:000060,60,메리츠화재,116501,보험업,105963000,52981500000,500,원(KRW),02-1566-7711,서울특별시 강남구 강남대로 382 메리츠타워
276,KRX:017180,17180,명문제약,32102,의약품 제조업,18110000,9055000000,500,원(KRW),031-350-4000,경기도 화성시 향남읍 제약공단2길 26
277,KRX:012690,12690,모나리자,31709,기타 종이 및 판지 제품 제조업,36571255,18885627500,500,원(KRW),02-829-8800,서울특별시 동작구 보라매로5길 15 전문건설회관빌딩 21층 (주)모나리자
278,KRX:005360,5360,모나미,74604,가정용품 도매업,18897307,18897307000,1000,원(KRW),031-216-0153,"경기도 용인시 수지구 손곡로 17 (동천동, 모나미빌딩)"
279,KRX:009680,9680,모토닉,33003,자동차 부품 제조업,33000000,16500000000,500,원(KRW),053-589-6211,"서울특별시 종로구 종로1길 50 에이동 10층(중학동, 중학오피스 빌딩)"
280,KRX:009580,9580,무림P&P,31701,"펄프, 종이 및 판지 제조업",62368324,155920810000,2500,원(KRW),052-231-7000,울산광역시 울주군 온산읍 우봉길 3-36
281,KRX:009200,9200,무림페이퍼,31701,"펄프, 종이 및 판지 제조업",41609310,104023275000,2500,원(KRW),055-751-1234,경상남도 진주시 남강로 1003 (상평동)
282,KRX:033920,33920,무학,31101,알콜음료 제조업,28100000,5620000000,200,원(KRW),1588-2226,경상남도 창원시 마산회원구 봉암공단2길 6
283,KRX:008420,8420,문배철강,32401,1차 철강 제조업,20503505,10251752500,500,원(KRW),02-758-6640,서울특별시 중구 세종대로 23 창화빌딩 9층
284,KRX:025560,25560,미래산업,32702,"측정, 시험, 항해, 제어 및 기타 정밀기기 제조업; 광학기기 제외",445071989,44507198900,100,원(KRW),041-621-5070,충청남도 천안시 서북구 백석공단7로 65 (백석동)
285,KRX:007120,7120,미래아이앤지,106201,"컴퓨터 프로그래밍, 시스템 통합 및 관리업",57341280,28670640000,500,원(KRW),02-3470-4400,서울특별시 강남구 도산대로 509 (청담동)
286,KRX:085620,85620,미래에셋생명,116501,보험업,145180000,725900000000,5000,원(KRW),02-1588-0220,서울특별시 강남구 테헤란로 507
287,KRX:037620,37620,미래에셋증권,116601,금융지원 서비스업,43958609,219793045000,5000,원(KRW),02-3774-1700,서울특별시 중구 수하동 67 미래에셋 센터원 빌딩 이스트타워
288,KRX:002840,2840,미원상사,32004,기타 화학제품 제조업,890637,7837185000,5000,원(KRW),031-472-9120,경기도 안산시 단원구 원시로 49 (목내동)
289,KRX:107590,107590,미원에스씨,32001,기초화학물질 제조업,724489,3622445000,5000,원(KRW),031-472-5155,전라북도 완주군 봉동읍 완주산단1로 167
290,KRX:134380,134380,미원화학,32004,기타 화학제품 제조업,2347435,2347435000,1000,원(KRW),031-479-9200,울산광역시 남구 장생포로 247
291,KRX:003650,3650,미창석유공업,31902,석유 정제품 제조업,1739672,8698360000,5000,원(KRW),051-403-6441,부산광역시 영도구 해양로 241 미창석유
292,KRX:155900,155900,바다로19호,126901,운송장비 임대업,15200004,76000020000,5000,원(KRW),02-3210-3333,"제주특별자치도 제주시 연삼로 473 (이도이동,산업경제진흥원)"
293,KRX:092630,92630,바다로3호,126901,운송장비 임대업,886869,4434345000,5000,원(KRW),02-3210-2033,"제주특별자치도 제주시 연삼로 473 (이도이동,제주도중소기업종합지원센터관리사무처)"
294,KRX:003610,3610,방림,31302,직물직조 및 직물제품 제조업,4231409,21157045000,5000,원(KRW),02-2085-2114,서울특별시 마포구 월드컵북로 402 케이지아이티센터 18층
295,KRX:001340,1340,백광산업,32001,기초화학물질 제조업,44918407,22459203500,500,원(KRW),02-2681-0136,전라북도 군산시 임해로 494-16
296,KRX:014580,14580,백광소재,32303,"시멘트, 석회, 플라스터 및 그 제품 제조업",27583100,13791550000,500,원(KRW),02-3661-8018,서울특별시 강서구 공항대로 467 (등촌동)
297,KRX:035150,35150,백산,32202,플라스틱제품 제조업,24200000,14000000000,500,원(KRW),031-499-0044-9,경기도 시흥시 공단1대로27번길 47
298,KRX:002410,2410,범양건영,64101,건물 건설업,3514859,17574295000,5000,원(KRW),041-573-5631,"충청남도 천안시 서북구 검은들1길 7 4층(불당동,포인트프라자)"
299,KRX:096300,96300,베트남개발1,116402,투자기관,123661852,102639337160,0,원(KRW),02-2168-0493,서울특별시 영등포구 은행로 3 여의도동
300,KRX:007210,7210,벽산,32309,기타 비금속 광물제품 제조업,68560000,34280000000,500,원(KRW),02-2260-6114,"서울특별시 중구 퇴계로 307 광희동 1가, 광희빌딩"
301,KRX:002760,2760,보락,32004,기타 화학제품 제조업,11980000,11980000000,1000,원(KRW),031-352-6455,경기도 화성시 양감면 초록로 720-37
302,KRX:003850,3850,보령제약,32102,의약품 제조업,8040000,20100000000,2500,원(KRW),02-708-8000,서울 종로구 원남동 보령빌딩 66-21
303,KRX:004740,4740,보루네오가구,33201,가구 제조업,39986091,19993045500,500,원(KRW),032-420-8500,인천광역시 남동구 논고개로 101 아름다운타워
304,KRX:000890,890,보해양조,31101,알콜음료 제조업,93736313,46868156500,500,원(KRW),061-243-3141,전라남도 목포시 호남로68번길 36 보해양조(주)
305,KRX:003000,3000,부광약품,32102,의약품 제조업,34057029,17028514500,500,원(KRW),02-828-8114,서울특별시 동작구 대방동1길 47
306,KRX:001270,1270,부국증권,116601,금융지원 서비스업,10369886,66849430000,5000,원(KRW),02-368-9200,서울 영등포구 여의도동 34-2
307,KRX:026940,26940,부국철강,32401,1차 철강 제조업,20000000,10000000000,500,원(KRW),062-954-3806,광주광역시 광산구 하남산단9번로 90 (안청동)
308,KRX:015350,15350,부산도시가스,43502,가스 제조 및 배관공급업,11000000,55000000000,5000,원(KRW),051-607-1178,부산광역시 수영구 황령대로 513
309,KRX:011390,11390,부산산업,32309,기타 비금속 광물제품 제조업,1056000,5280000000,5000,원(KRW),051-315-8338,부산광역시 사상구 장인로 35 (감전동)
310,KRX:005030,5030,부산주공,33003,자동차 부품 제조업,13949256,6974628000,500,원(KRW),052-231-3834,울산광역시 울주군 온산읍 회학1길 54
311,KRX:100220,100220,비상교육,105801,"서적, 잡지 및 기타 인쇄물 출판업",12996741,6498370500,500,원(KRW),154-4055-4,"서울특별시 구로구 디지털로 33길 48(구로동,대륭포스트타워7차19층)"
312,KRX:005180,5180,빙그레,31005,낙농제품 및 식용빙과류 제조업,9851241,49756205000,5000,원(KRW),02-2022-6000,경기도 남양주시 미금로65번길 45 (도농동) (주)빙그레
313,KRX:003960,3960,사조대림,31002,수산물 가공 및 저장 처리업,5960575,29802875000,5000,원(KRW),02-3470-6000,서울특별시 서초구 남부순환로 2159
314,KRX:007160,7160,사조산업,10301,어로 어업,5000000,25000000000,5000,원(KRW),02-3277-1600,서울특별시 서대문구 통일로 107-39 사조산업빌딩 5층
315,KRX:014710,14710,사조씨푸드,31002,수산물 가공 및 저장 처리업,17218543,17218543000,1000,원(KRW),02-721-6555,"서울특별시 서대문구 통일로 107-39 502(충정로2가, 사조빌딩)"
316,KRX:006090,6090,사조오양,10301,어로 어업,9422739,47113695000,5000,원(KRW),02-3470-6030,서울특별시 서초구 남부순환로 2159 (방배동)
317,KRX:079660,79660,사조해표,31007,기타 식품 제조업,7160000,35800000000,5000,원(KRW),02-2007-3112,"서울특별시 서초구 남부순환로 2159 (방배동,3층)"
318,KRX:005090,5090,삼광글라스,32301,유리 및 유리제품 제조업,4854418,24272090000,5000,원(KRW),02-489-8000,"서울특별시 서초구 양재대로 246 2층,3층 한국소비자원"
319,KRX:005610,5610,삼립식품,31007,기타 식품 제조업,8629009,43145045000,5000,원(KRW),02-2276-5061,경기도 시흥시 공단1대로 101
320,KRX:001470,1470,삼부토건,64102,토목 건설업,8802687,44013435000,5000,원(KRW),02-3706-2114,서울특별시 중구 퇴계로 63 삼부빌딩
321,KRX:006400,6400,삼성SDI,32802,일차전지 및 축전지 제조업,68764530,356712130000,5000,원(KRW),031-8006-3100,경기도 용인시 기흥구 공세로 150-20
322,KRX:006660,6660,삼성공조,33003,자동차 부품 제조업,8126314,4063157000,500,원(KRW),055-280-2733,경상남도 창원시 성산구 연덕로 176 삼성공조(주)
323,KRX:028260,28260,삼성물산,74607,기타 전문 도매업,189690043,19131748300,100,원(KRW),02-759-0290,서울특별시 중구 세종대로 67 삼성본관빌딩
324,KRX:032830,32830,삼성생명,116501,보험업,200000000,100000000000,500,원(KRW),02-751-8157,서울특별시 중구 세종대로 55 삼성생명빌딩
325,KRX:018260,18260,삼성에스디에스,106201,"컴퓨터 프로그래밍, 시스템 통합 및 관리업",77377800,38688900000,500,원(KRW),02-6155-3114,서울특별시 송파구 올림픽로35길 125(신천동)
326,KRX:028050,28050,삼성엔지니어링,137201,"건축기술, 엔지니어링 및 관련기술 서비스업",40000000,200000000000,5000,원(KRW),02-2053-3000,서울특별시 강동구 상일동 500 삼성 GEC
327,KRX:009150,9150,삼성전기,32602,전자부품 제조업,74693696,388003400000,5000,원(KRW),031-210-5114,경기도 수원시 영통구 매영로 150
328,KRX:005930,5930,삼성전자,32604,통신 및 방송 장비 제조업,147299337,897513820000,5000,원(KRW),031-200-1114,경기도 수원시 영통구 삼성로 129 (매탄동)
329,KRX:004000,4000,삼성정밀화학,32001,기초화학물질 제조업,25800000,129000000000,5000,원(KRW),052-270-6112-4,울산광역시 남구 여천로217번길 19
330,KRX:001360,1360,삼성제약,32102,의약품 제조업,26481948,13240974000,500,원(KRW),031-353-6681,경기도 화성시 향남읍 제약공단2길 35 삼성제약(주)
331,KRX:010140,10140,삼성중공업,33101,선박 및 보트 건조업,230875386,1154951155000,5000,원(KRW),02-3458-6177,서울특별시 서초구 서초대로74길 4 삼성생명서초타워
332,KRX:016360,16360,삼성증권,116601,금융지원 서비스업,76435165,394153905000,5000,원(KRW),02-2020-8000,서울특별시 중구 세종대로 67
333,KRX:068290,68290,삼성출판사,105801,"서적, 잡지 및 기타 인쇄물 출판업",10000000,5000000000,500,원(KRW),02-3470-6800,서울특별시 서초구 명달로 94 (주)삼성출판사
334,KRX:029780,29780,삼성카드,116409,기타 금융업,115858891,614794455000,5000,원(KRW),02-1588-8700,서울특별시 중구 세종대로 67
335,KRX:000810,810,삼성화재해상보험,116501,보험업,47374837,26473418500,500,원(KRW),02-1588-5114,서울 중구 을지로1가 87
336,KRX:006110,6110,삼아알미늄,32402,1차 비철금속 제조업,11000000,5500000000,500,원(KRW),031-467-6800,경기도 평택시 포승읍 평택항로 92 삼아알미늄 주식회사
337,KRX:145990,145990,삼양사,31007,기타 식품 제조업,6136619,31506495000,5000,원(KRW),02-740-7114,서울특별시 종로구 종로33길 31 삼양사
338,KRX:003230,3230,삼양식품,31007,기타 식품 제조업,7533015,37665075000,5000,원(KRW),02-940-3000,서울특별시 성북구 오패산로3길 104
339,KRX:003940,3940,삼양제넥스,31007,기타 식품 제조업,1905907,10387970000,5000,원(KRW),02-740-7115,서울특별시 종로구 종로33길 31
340,KRX:002170,2170,삼양통상,31501,"가죽, 가방 및 유사제품 제조업",3000000,15000000000,5000,원(KRW),02-3453-3961,서울특별시 강남구 테헤란로 301(역삼동) 삼정개발빌딩 6층
341,KRX:000070,70,삼양홀딩스,137105,"회사본부, 지주회사 및 경영컨설팅 서비스업",8564271,44341645000,5000,원(KRW),02-740-7114,서울특별시 종로구 종로33길 31
342,KRX:002810,2810,삼영무역,74607,기타 전문 도매업,16466623,8233311500,500,원(KRW),02-320-4114,서울특별시 마포구 양화로 111
343,KRX:005680,5680,삼영전자공업,32602,전자부품 제조업,20000000,10000000000,500,원(KRW),031-743-6701,경기도 성남시 중원구 사기막골로 47 (상대원동)
344,KRX:003720,3720,삼영화학공업,32202,플라스틱제품 제조업,34000000,17000000000,500,원(KRW),02-757-2291-3,"서울특별시 종로구 청계천로 35 13층(서린동, 관정빌딩)"
345,KRX:023000,23000,삼원강재,33003,자동차 부품 제조업,40000000,20000000000,500,원(KRW),054-278-1983-8,경상북도 포항시 남구 대송면 철강산단로66번길 40
346,KRX:004380,4380,삼익THK,32901,일반 목적용 기계 제조업,21000000,10500000000,500,원(KRW),053-665-7000,대구광역시 달서구 성서동로 163
347,KRX:002450,2450,삼익악기,33302,악기 제조업,83864249,41932124500,500,원(KRW),043-1688-3151,충청북도 음성군 소이면 소이로 313
348,KRX:000520,520,삼일제약,32102,의약품 제조업,5500000,5500000000,1000,원(KRW),02-520-0300,"서울특별시 서초구 효령로 155 (방배동, 삼일제약 사옥)"
349,KRX:009770,9770,삼정펄프,31701,"펄프, 종이 및 판지 제조업",2499971,12499855000,5000,원(KRW),02-743-7071,경기 평택시 고덕면 해창리 250
350,KRX:005500,5500,삼진제약,32102,의약품 제조업,13900000,13900000000,1000,원(KRW),02-3140-0700,서울특별시 마포구 와우산로 121 삼진제약사옥
351,KRX:004690,4690,삼천리,43502,가스 제조 및 배관공급업,4055025,20275125000,5000,원(KRW),02-368-3300,"서울특별시 영등포구 국제금융로6길 42 (여의도동, 삼천리빌딩)"
352,KRX:001880,1880,삼호,64101,건물 건설업,15179766,75898830000,5000,원(KRW),032-518-3535,인천광역시 남동구 미래로 14
353,KRX:010960,10960,삼호개발,64201,기반조성 및 시설물 축조관련 전문공사업,25000000,12500000000,500,원(KRW),02-2046-7722,충청남도 당진시 면천면 면천로 183
354,KRX:004450,4450,삼화왕관,32509,기타 금속가공제품 제조업,2154379,10771895000,5000,원(KRW),031-490-8400,경기도 안산시 단원구 강촌로 140 삼화왕관(주)
355,KRX:009470,9470,삼화전기,32602,전자부품 제조업,6613820,6613820000,1000,원(KRW),043-261-0200,충청북도 청주시 흥덕구 봉명로 3 (복대동)
356,KRX:011230,11230,삼화전자공업,32605,영상 및 음향기기 제조업,13243820,13243820000,1000,원(KRW),031-374-5501,경기도 용인시 처인구 남사면 경기동로 215 삼화전자공업(주)
357,KRX:001820,1820,삼화콘덴서공업,32602,전자부품 제조업,10395000,10395000000,1000,원(KRW),031-332-6441,경기도 용인시 처인구 남사면 경기동로 227
358,KRX:000390,390,삼화페인트공업,32004,기타 화학제품 제조업,22400000,11200000000,500,원(KRW),031-499-0394-6,경기도 안산시 단원구 별망로 178
359,KRX:013700,13700,삼환까뮤,64101,건물 건설업,4515228,22576140000,5000,원(KRW),031-633-9114,경기도 이천시 대월면 경충대로 1937번길 57
360,KRX:041650,41650,상신브레이크,33003,자동차 부품 제조업,21471450,10735725000,500,원(KRW),053-616-9555,대구광역시 달성군 논공읍 논공중앙로33길 10
361,KRX:075180,75180,새론오토모티브,33003,자동차 부품 제조업,19200000,9600000000,500,원(KRW),041-560-4114,충청남도 천안시 동남구 병천면 가전5길 133
362,KRX:007540,7540,샘표식품,31007,기타 식품 제조업,4444000,4444000000,1000,원(KRW),02-3393-5500,서울특별시 중구 충무로 2
363,KRX:007860,7860,서연,137105,"회사본부, 지주회사 및 경영컨설팅 서비스업",22485004,11242502000,500,원(KRW),02-2618-5231,서울특별시 강남구 강남대로 330
364,KRX:017390,17390,서울도시가스,43502,가스 제조 및 배관공급업,5000000,35000000000,5000,원(KRW),02-810-8000,서울특별시 강서구 공항대로 607 (염창동)
365,KRX:004410,4410,서울식품공업,31007,기타 식품 제조업,13216400,33263450000,2500,원(KRW),043-720-7000,충청북도 충주시 충원대로 862
366,KRX:021050,21050,서원,32403,금속 주조업,27974590,13987295000,500,원(KRW),031-365-8700,"경기도 안산시 단원구 산단로67번길 94 (목내동, (주)서원)"
367,KRX:008490,8490,서흥,32004,기타 화학제품 제조업,11569113,6084556500,500,원(KRW),043-249-4100,충청북도 청주시 흥덕구 오송읍 오송생명로 61 -
368,KRX:007610,7610,선도전기,32801,"전동기, 발전기 및 전기 변환 공급 제어 장치 제조업",18000000,9000000000,500,원(KRW),031-491-2284,경기도 안산시 단원구 원시로 86
369,KRX:136490,136490,선진,31008,동물용 사료 및 조제식품 제조업,8140000,4070000000,500,원(KRW),031-637-1180,경기도 이천시 대월면 사동로 76
370,KRX:002820,2820,선창산업,31602,나무제품 제조업,12428168,12428168000,1000,원(KRW),032-770-3000,인천광역시 중구 월미로 96
371,KRX:014910,14910,성문전자,32602,전자부품 제조업,15161348,7880674000,500,원(KRW),031-650-2800,경기도 평택시 세교산단로 61
372,KRX:003080,3080,성보화학,32004,기타 화학제품 제조업,2002000,10010000000,5000,원(KRW),02-3789-3800,경기도 고양시 덕양구 대덕산로 106
373,KRX:004980,4980,성신양회,32303,"시멘트, 석회, 플라스터 및 그 제품 제조업",23528636,126109360000,5000,원(KRW),02-3782-7000,서울특별시 종로구 인사동5길 29
374,KRX:011300,11300,성안,31302,직물직조 및 직물제품 제조업,56857860,28428930000,500,원(KRW),053-382-4772,대구광역시 북구 검단동로 35 (검단동)
375,KRX:005980,5980,성지건설,64102,토목 건설업,9746620,48733100000,5000,원(KRW),031-272-0972,경기도 용인시 수지구 수지로296번길 51-9
376,KRX:000180,180,성창기업지주,137105,"회사본부, 지주회사 및 경영컨설팅 서비스업",5775160,30000000000,5000,원(KRW),051-260-3333,부산광역시 사하구 다대로 627 (다대동)
377,KRX:002420,2420,세기상사,105901,"영화, 비디오물, 방송프로그램 제작 및 배급업",407592,2037960000,5000,원(KRW),02-3393-3500,서울특별시 중구 퇴계로 212
378,KRX:004360,4360,세방,84903,도로 화물 운송업,19308690,11498970000,500,원(KRW),051-630-5300,부산광역시 남구 북항로 141
379,KRX:004490,4490,세방전지,32802,일차전지 및 축전지 제조업,14000000,7000000000,500,원(KRW),02-3451-6201,서울특별시 강남구 선릉로 433
380,KRX:001430,1430,세아베스틸,32401,1차 철강 제조업,35862119,219310595000,5000,원(KRW),02-6970-2021,서울시 마포구 양화로 45
381,KRX:003030,3030,세아제강,32401,1차 철강 제조업,6000000,30000000000,5000,원(KRW),02-6970-1000,서울시마포구 양화로 45
382,KRX:019440,19440,세아특수강,32401,1차 철강 제조업,8570000,42850000000,5000,원(KRW),054-285-4771,경상북도 포항시 남구 괴동로 40
383,KRX:058650,58650,세아홀딩스,137105,"회사본부, 지주회사 및 경영컨설팅 서비스업",4000000,20000000000,5000,원(KRW),02-6970-0110,서울특별시 마포구 양화로 45
384,KRX:013000,13000,세우글로벌,74607,기타 전문 도매업,23690705,11845352500,500,원(KRW),032-868-1100,인천광역시 남구 염전로261번길 26-48
385,KRX:091090,91090,세원셀론텍,32501,"구조용 금속제품, 탱크 및 증기발생기 제조업",45809880,22904940000,500,원(KRW),02-2167-9000,서울특별시 영등포구 의사당대로 83 한국휴렛팩커드빌딩 6층 세원셀론텍(주)
386,KRX:021820,21820,세원정공,33003,자동차 부품 제조업,10000000,5000000000,500,원(KRW),053-582-5161,대구광역시 달서구 달서대로 554
387,KRX:067830,67830,세이브존I&C,74701,종합 소매업,41040895,41040895000,1000,원(KRW),032-320-9032,서울특별시 노원구 한글비석로 57 (하계동)
388,KRX:033530,33530,세종공업,33003,자동차 부품 제조업,20054430,10027215000,500,원(KRW),052-219-1699,울산광역시 북구 공단길 4 (효문동)
389,KRX:027970,27970,세하,31701,"펄프, 종이 및 판지 제조업",19682220,19682220000,1000,원(KRW),02-2056-8800,대구광역시 달성군 유가면 비슬로96길 97
390,KRX:145210,145210,세화아이엠씨,32902,특수 목적용 기계 제조업,11882640,5941320000,500,원(KRW),062-944-6161,광주광역시 북구 첨단연신로29번길 26
391,KRX:004430,4430,송원산업,32001,기초화학물질 제조업,24000000,12000000000,500,원(KRW),052-273-9841,울산광역시 남구 장생포로 83
392,KRX:017550,17550,수산중공업,32902,특수 목적용 기계 제조업,50450590,25225295000,500,원(KRW),031-352-7733,경기도 화성시 양감면 정문송산로 260
393,KRX:003060,3060,슈넬생명과학,32102,의약품 제조업,80407447,40203723500,500,원(KRW),02-561-4011,"서울특별시 송파구 오금로19길 6 301호(방이동, 강호빌딩)"
394,KRX:016590,16590,신대양제지,31702,"골판지, 종이 상자 및 종이 용기 제조업",3869237,19346185000,5000,원(KRW),031-494-7911,경기도 안산시 단원구 목내로 29
395,KRX:029530,29530,신도리코,32603,컴퓨터 및 주변장치 제조업,10080029,50400145000,5000,원(KRW),02-460-1114,서울특별시 성동구 성수이로24길 3 (주)신도리코
396,KRX:004970,4970,신라교역,10301,어로 어업,16000000,8000000000,500,원(KRW),02-3434-9900,서울특별시 송파구 백제고분로 362 신리빌딩
397,KRX:011930,11930,신성솔라에너지,32601,반도체 제조업,75525800,37872900000,500,원(KRW),031-788-9500,경기도 성남시 분당구 대왕판교로395번길 8 (백현동 404-1) 신성솔라에너지
398,KRX:104120,104120,신성에프에이,32902,특수 목적용 기계 제조업,17626262,8813131000,500,원(KRW),031-7889-453,경기도 성남시 분당구 대왕판교로 395번길 8(백현동)
399,KRX:104110,104110,신성이엔지,32902,특수 목적용 기계 제조업,17626262,8813131000,500,원(KRW),031-7889-453,경기도 성남시 분당구 대왕판교로395번길 8 백현동 404-1
400,KRX:005390,5390,신성통상,74607,기타 전문 도매업,143708390,71854195000,500,원(KRW),02-3709-9000,서울특별시 강동구 풍성로63길 84(둔촌동)
401,KRX:004170,4170,신세계,74701,종합 소매업,9845181,49225905000,5000,원(KRW),02-727-1234,서울특별시 중구 소공로 63 (충무로1가) 신세계백화점건물 (주)신세계
402,KRX:035510,35510,신세계I&C,106301,"자료처리, 호스팅, 포털 및 기타 인터넷 정보매개서비스업",1720000,8600000000,5000,원(KRW),02-3397-1234,"서울특별시 중구 소공로 48 10층(회현로2가, 프라임타워)"
403,KRX:034300,34300,신세계건설,64101,건물 건설업,4000000,20000000000,5000,원(KRW),02-3406-6620,서울특별시 중구 장충단로 180 신세계건설
404,KRX:031430,31430,신세계인터내셔날,74704,"섬유, 의복, 신발 및 가죽제품 소매업",7140000,35700000000,5000,원(KRW),02-6979-1234,서울특별시 강남구 도산대로 449 -
405,KRX:031440,31440,신세계푸드,95601,음식점업,3872480,19362400000,5000,원(KRW),02-3397-6000,"서울특별시 서초구 사평대로 205 BP 4-7 (반포동,센트럴파미에가든)"
406,KRX:006880,6880,신송홀딩스,137105,"회사본부, 지주회사 및 경영컨설팅 서비스업",11828858,5914429000,500,원(KRW),27801400,서울특별시 영등포구 여의나루로 53-1
407,KRX:005800,5800,신영와코루,31401,봉제의복 제조업,900000,4500000000,5000,원(KRW),02-818-5114,서울특별시 금천구 가산디지털1로 104 (주)신영와코루
408,KRX:001720,1720,신영증권,116601,금융지원 서비스업,9386237,82200000000,5000,원(KRW),02-2004-9000,"서울특별시 영등포구 국제금융로8길 16 (여의도동, 신영증권빌딩)"
409,KRX:025620,25620,신우,31501,"가죽, 가방 및 유사제품 제조업",61879225,6187922500,100,원(KRW),031-491-1841-5,경기도 양주시 남면 감악산로83번길 157 -
410,KRX:009270,9270,신원,31401,봉제의복 제조업,63303370,31697055000,500,원(KRW),02-3274-5000,서울특별시 마포구 독막로 328 신원빌딩
411,KRX:002700,2700,신일산업,74605,기계장비 및 관련 물품 도매업,71047521,35523760500,500,원(KRW),02-6309-7800,경기도 화성시 정남면 음양5길 4
412,KRX:019170,19170,신풍제약,32102,의약품 제조업,45218000,23709000000,500,원(KRW),031-491-6191,경기도 안산시 단원구 원시로 7
413,KRX:002870,2870,신풍제지,31701,"펄프, 종이 및 판지 제조업",3495870,17479350000,5000,원(KRW),02-2156-7521,경기도 평택시 고덕면 고덕로 144-32 신풍제지
414,KRX:005450,5450,신한,64101,건물 건설업,7022839,35114195000,5000,원(KRW),02-369-0001,경기도 성남시 중원구 산성대로 208
415,KRX:055550,55550,신한지주,116409,기타 금융업,474199587,2370997935000,5000,원(KRW),02-6360-3000,서울특별시 중구 세종대로9길 20 태평로2가
416,KRX:001770,1770,신화실업,32401,1차 철강 제조업,1214878,6074390000,5000,원(KRW),031-499-9922,"경기도 안산시 단원구 번영2로 31 (성곡동,시화4다706)"
417,KRX:004080,4080,신흥,74605,기계장비 및 관련 물품 도매업,9600000,6733070000,500,원(KRW),02-6366-2000,서울특별시 중구 청파로 450 (중림동) 신흥빌딩 8층 재경팀
418,KRX:102280,102280,쌍방울,31401,봉제의복 제조업,129124213,64562106500,500,원(KRW),02-3485-6000,서울특별시 강남구 도산대로 549(청담동)
419,KRX:047400,47400,쌍용머티리얼,32302,도자기 및 기타 요업제품 제조업,42000000,21000000000,500,원(KRW),053-580-4130,대구광역시 달서구 성서공단남로 151
420,KRX:003410,3410,쌍용양회공업,32303,"시멘트, 석회, 플라스터 및 그 제품 제조업",74660436,375639890000,5000,원(KRW),02-2270-5114,서울특별시 중구 수표로 34 씨티센터타워 7~9층
421,KRX:003620,3620,쌍용자동차,33003,자동차 부품 제조업,137220096,686100480000,5000,원(KRW),031-610-1114,경기도 평택시 동삭로 455-12
422,KRX:004770,4770,써니전자,32601,반도체 제조업,26460000,14180000000,500,원(KRW),043-853-1760,충청북도 충주시 목행산단2로 59
423,KRX:004920,4920,씨아이테크,74605,기계장비 및 관련 물품 도매업,34851677,17425838500,500,원(KRW),02-2038-7882,"서울특별시 송파구 충민로 10 문정동, 가든파이브툴 9층 S31-1"
424,KRX:112610,112610,씨에스윈드,32501,"구조용 금속제품, 탱크 및 증기발생기 제조업",17285715,8642857500,500,원(KRW),041-901-1827,충청남도 천안시 서북구 동서대로 129-12 백석대학빌딩
425,KRX:008700,8700,아남전자,32605,영상 및 음향기기 제조업,77124820,38562410000,500,원(KRW),02-6424-4700,서울특별시 구로구 디지털로27가길 27아남빌딩
426,KRX:090430,90430,아모레퍼시픽,32004,기타 화학제품 제조업,58458490,34508160000,500,원(KRW),02-709-5114,서울특별시 중구 청계천로 100
427,KRX:002790,2790,아모레퍼시픽그룹,137105,"회사본부, 지주회사 및 경영컨설팅 서비스업",79790980,43117375000,500,원(KRW),02-709-5093,서울특별시 중구 청계천로 100
428,KRX:090370,90370,아비스타,31401,봉제의복 제조업,15634461,7817230500,500,원(KRW),02-2189-7700,서울특별시 강남구 언주로 428(역삼동)
429,KRX:002030,2030,아세아,137105,"회사본부, 지주회사 및 경영컨설팅 서비스업",2191024,10955120000,5000,원(KRW),02-527-6582,서울특별시 강남구 논현로 430 아세아타워빌딩 14층
430,KRX:183190,183190,아세아시멘트,32303,"시멘트, 석회, 플라스터 및 그 제품 제조업",3295809,16479045000,5000,원(KRW),02-527-6582,서울 강남구 역삼2동 726 아세아타워빌딩 14층
431,KRX:002310,2310,아세아제지,31702,"골판지, 종이 상자 및 종이 용기 제조업",8956502,44782510000,5000,원(KRW),02-527-6882,서울특별시 강남구 논현로 430
432,KRX:083570,83570,아시아10호,126901,운송장비 임대업,2607905,13039525000,5000,원(KRW),02-559-1900,부산광역시 영도구 남항서로 6-7
433,KRX:020560,20560,아시아나항공,85101,정기 항공 운송업,195101365,975506825000,5000,원(KRW),02-2669-3114,서울특별시 강서구 오정로 443-83
434,KRX:083580,83580,아시아퍼시픽11호,126901,운송장비 임대업,2607905,13039525000,5000,원(KRW),02-559-1900,부산광역시 영도구 남항서로 6-7
435,KRX:083590,83590,아시아퍼시픽12호,126901,운송장비 임대업,2607905,13039525000,5000,원(KRW),02-559-1900,부산광역시 영도구 남항서로 6-7
436,KRX:083600,83600,아시아퍼시픽13호,126901,운송장비 임대업,2607905,13039525000,5000,원(KRW),02-559-1900,부산광역시 영도구 남항서로 6-7
437,KRX:083610,83610,아시아퍼시픽14호,126901,운송장비 임대업,1946194,9730970000,5000,원(KRW),02-559-1900,부산광역시 영도구 남항서로 6-7
438,KRX:083620,83620,아시아퍼시픽15호,126901,운송장비 임대업,1946583,9732915000,5000,원(KRW),02-559-1900,부산광역시 영도구 남항서로 6-7
439,KRX:122900,122900,아이마켓코리아,74608,상품 종합 도매업,35943340,18166670000,500,원(KRW),02-3708-5678,서울특별시 강남구 삼성로 512 삼성동빌딩 16층
440,KRX:010780,10780,아이에스동서,32302,도자기 및 기타 요업제품 제조업,27243961,13621980500,500,원(KRW),02-3218-6701,서울특별시 강남구 영동대로 741
441,KRX:003560,3560,아이에이치큐,105901,"영화, 비디오물, 방송프로그램 제작 및 배급업",143309751,71654875500,500,원(KRW),02-6005-6230,서울특별시 강남구 선릉로 629 싸이더스HQ타워
442,KRX:039570,39570,아이콘트롤스,64203,전기 및 통신 공사업,8230000,4115000000,500,원(KRW),031-785-1711,경기도 성남시 분당구 정자일로213번길 5
443,KRX:033660,33660,아주캐피탈,116409,기타 금융업,57545890,287729450000,5000,원(KRW),02-2017-5400,대전광역시 서구 대덕대로 239
444,KRX:101140,101140,아티스,74604,가정용품 도매업,20027281,10013640500,500,원(KRW),031-420-4900,"경기도 평택시 통미로 23 (합정동,1층)"
445,KRX:001780,1780,알루코,32402,1차 비철금속 제조업,65553378,32776689000,500,원(KRW),042-605-8300,대전광역시 대덕구 대화로119번길 31
446,KRX:002250,2250,알보젠코리아,32102,의약품 제조업,11857922,59289610000,5000,원(KRW),02-2047-7712,"서울특별시 영등포구 국제금융로10, 13층(여의도동, 서울국제금융센터 투 아이에프씨동)"
447,KRX:161000,161000,애경유화,32004,기타 화학제품 제조업,3204000,16020000000,5000,,02-850-2000,서울특별시 구로구 공원로 7
448,KRX:011090,11090,에넥스,33201,가구 제조업,59991641,29995820500,500,원(KRW),02-2185-2000,서울특별시 서초구 서초대로73길 40(서초동)
449,KRX:005850,5850,에스엘,33003,자동차 부품 제조업,33865090,16932545000,500,원(KRW),053-850-8511,대구광역시 북구 노원로 85
450,KRX:012750,12750,에스원,147503,"경비, 경호 및 탐정업",37999178,18999589000,500,원(KRW),00-1588-3112,서울 중구 순화동 168 에스원빌딩 17층 총무팀
451,KRX:123700,123700,에스제이엠,33003,자동차 부품 제조업,15604898,7802449000,500,원(KRW),031-490-3838,경기도 안산시 단원구 별망로459번길 20 (주)에스제이엠
452,KRX:025530,25530,에스제이엠홀딩스,137105,"회사본부, 지주회사 및 경영컨설팅 서비스업",14934008,7467004000,500,원(KRW),031-491-4151,경기도 안산시 단원구 별망로459번길 20
453,KRX:210980,210980,에스케이디앤디,126801,부동산 임대 및 공급업,10770000,10770000000,1000,원(KRW),02-398-4700,경기도 성남시 분당구 판교로 332 (삼평동)
454,KRX:023960,23960,에쓰씨엔지니어링,64102,토목 건설업,10176982,5088491000,500,원(KRW),02-2167-9090,서울특별시 영등포구 여의도동 23-6 한국HP빌딩
455,KRX:078520,78520,에이블씨엔씨,32004,기타 화학제품 제조업,14003642,7001821000,500,원(KRW),02-6292-6789,서울특별시 금천구 가산디지털1로 119 SK트윈테크타워 A동 3층
456,KRX:015260,15260,에이엔피,32602,전자부품 제조업,41901467,20950733500,500,원(KRW),032-676-9700,경기도 부천시 원미구 도약로 300 (주)에이엔피
457,KRX:036570,36570,엔씨소프트,106301,"자료처리, 호스팅, 포털 및 기타 인터넷 정보매개서비스업",21929022,10964511000,500,원(KRW),02-2186-3300,서울특별시 강남구 테헤란로 509(삼성동)
458,KRX:138250,138250,엔에스쇼핑,74709,무점포 소매업,3369600,16848000000,5000,원(KRW),02-6336-1516,경기도 성남시 분당구 판교로228번길 15
459,KRX:085310,85310,엔케이,32501,"구조용 금속제품, 탱크 및 증기발생기 제조업",48983352,24491676000,500,원(KRW),051-204-2211,부산광역시 강서구 녹산산단17로 113(주)엔케이
460,KRX:004250,4250,엔피씨,32202,플라스틱제품 제조업,36720000,21000000000,500,원(KRW),031-362-2851,경기도 안산시 단원구 해안로 289 엔피씨(주)
461,KRX:069640,69640,엠케이트렌드,74704,"섬유, 의복, 신발 및 가죽제품 소매업",12649515,6324757500,500,원(KRW),02-2142-5000,서울특별시 강남구 논현로 633
462,KRX:014440,14440,영보화학,32202,플라스틱제품 제조업,20000000,10000000000,500,원(KRW),042-822-0603,충청북도 청주시 흥덕구 강내면 서부로 230-23
463,KRX:111770,111770,영원무역,74608,상품 종합 도매업,44311468,22155734000,500,원(KRW),390-6114,서울특별시 중구 만리재로 159
464,KRX:009970,9970,영원무역홀딩스,137105,"회사본부, 지주회사 및 경영컨설팅 서비스업",13635592,6817796000,500,원(KRW),02-390-6000,서울특별시 중구 만리재로 159 (주)영원무역
465,KRX:003520,3520,영진약품공업,32102,의약품 제조업,177620000,88810000000,500,원(KRW),02-2041-8200,서울 강동구 천호3동 451-20 영진약품공업(주)
466,KRX:000670,670,영풍,32402,1차 비철금속 제조업,1842040,9210200000,5000,원(KRW),02-519-3314,서울특별시 강남구 강남대로 542
467,KRX:006740,6740,영풍제지,31702,"골판지, 종이 상자 및 종이 용기 제조업",22200000,11100000000,500,원(KRW),031-660-8200,경기도 평택시 진위면 서탄로 9
468,KRX:012280,12280,영화금속,33003,자동차 부품 제조업,45451006,23597333000,500,원(KRW),055-551-7500,경상남도 창원시 진해구 남의로 57 (남양동)
469,KRX:012160,12160,영흥철강,32401,1차 철강 제조업,78389202,39194601000,500,원(KRW),02-2077-8522,경상남도 창원시 성산구 공단로 193
470,KRX:015360,15360,예스코,43502,가스 제조 및 배관공급업,6000000,30000000000,5000,원(KRW),02-1644-3030,서울특별시 성동구 자동차시장길 23
471,KRX:007310,7310,오뚜기,31007,기타 식품 제조업,3440000,17200000000,5000,원(KRW),031-421-2122,경기도 안양시 동안구 흥안대로 405
472,KRX:002630,2630,오리엔트바이오,32102,의약품 제조업,155299535,77649767500,500,원(KRW),031-730-6036,경기 성남시 중원구 상대원동 143-1
473,KRX:001800,1800,오리온,31007,기타 식품 제조업,5975963,29879815000,5000,원(KRW),02-710-6000,서울특별시 용산구 백범로90다길 13 (주)오리온
474,KRX:010600,10600,와이비로드,74601,상품 중개업,15249884,7624942000,500,원(KRW),02-6902-1300,서울특별시 강남구 선릉로 433 세방빌딩 신관6층 (주)와이비로드
475,KRX:004720,4720,우리들제약,32102,의약품 제조업,9427358,4713679000,500,원(KRW),02-2194-3532,경기 화성시 향남면 상신리 향남제약공단 902-5
476,KRX:118000,118000,우리들휴브레인,74605,기계장비 및 관련 물품 도매업,10593793,5296896500,500,원(KRW),2194-3535,경기도 화성시 향남읍 제약공단2길 50 -
477,KRX:000030,30,우리은행,116401,은행 및 저축기관,676000000,3381391855000,5000,원(KRW),02-2002-3000,서울특별시 중구 소공로 51
478,KRX:010050,10050,우리종금,116409,기타 금융업,474203406,237101703000,500,원(KRW),062-221-6600,광주광역시 동구 금남로 182 (금남로5가)
479,KRX:006980,6980,우성사료,31006,"곡물가공품, 전분 및 전분제품 제조업",30900000,15450000000,500,원(KRW),042-670-1724,대전광역시 대덕구 한밭대로 1027
480,KRX:017370,17370,우신시스템,32902,특수 목적용 기계 제조업,15859354,7929677000,500,원(KRW),031-496-6114,서울특별시 영등포구 영등포로 20
481,KRX:105840,105840,우진,32702,"측정, 시험, 항해, 제어 및 기타 정밀기기 제조업; 광학기기 제외",17360000,8680000000,500,원(KRW),031-379-3114,경기도 화성시 동부대로970번길 110
482,KRX:049800,49800,우진플라임,32902,특수 목적용 기계 제조업,10000000,5000000000,500,원(KRW),043-540-9000,충청북도 보은군 장안면 우진플라임로 100 본관동
483,KRX:016880,16880,웅진,137105,"회사본부, 지주회사 및 경영컨설팅 서비스업",52866795,28683397500,500,원(KRW),02-2076-4701,서울특별시 종로구 창경궁로 120 종로플레이스빌딩
484,KRX:095720,95720,웅진씽크빅,168501,초등 교육기관,34621165,17310582500,500,원(KRW),031-956-7000,경기도 파주시 회동길 20
485,KRX:103130,103130,웅진에너지,32601,반도체 제조업,73983579,36991789500,500,원(KRW),042-939-8114,대전광역시 유성구 테크노2로 37 (관평동)
486,KRX:005820,5820,원림,31303,편조원단 및 편조제품 제조업,2200000,11000000000,5000,원(KRW),02-523-9236,서울특별시 서초구 남부순환로 2495 원림빌딩 9층
487,KRX:008600,8600,윌비스,74604,가정용품 도매업,57000000,62646140000,1000,원(KRW),041-529-5716,충청남도 천안시 동남구 만남로 76
488,KRX:033270,33270,유나이티드,32102,의약품 제조업,16207322,8103661000,500,원(KRW),02 -516 -3041,세종특별자치시 전동면 노장리 404-10
489,KRX:014830,14830,유니드,32001,기초화학물질 제조업,8889843,44449215000,5000,원(KRW),02-3709-9500,서울특별시 중구 을지로5길 19
490,KRX:000910,910,유니온,32303,"시멘트, 석회, 플라스터 및 그 제품 제조업",15611619,7805809500,500,원(KRW),02-3455-8793,서울특별시 중구 소공로 94 OCI빌딩 13층
491,KRX:011330,11330,유니켐,31501,"가죽, 가방 및 유사제품 제조업",42203089,21101544500,500,원(KRW),031-491-3751,경기도 안산시 단원구 해봉로 38
492,KRX:077500,77500,유니퀘스트,74605,기계장비 및 관련 물품 도매업,26999207,13499603500,500,원(KRW),031-708-9988,"경기도 성남시 분당구 황새울로 314 (서현동,유니퀘스트빌딩)"
493,KRX:002920,2920,유성기업,33003,자동차 부품 제조업,25947500,12973750000,500,원(KRW),02-564-2351,충청남도 아산시 둔포면 아산밸리동로 22
494,KRX:000700,700,유수홀딩스,137105,"회사본부, 지주회사 및 경영컨설팅 서비스업",26041812,65104530000,2500,원(KRW),02-3770-6868,서울특별시 영등포구 국제금융로2길 25 유수홀딩스
495,KRX:003470,3470,유안타증권,116601,금융지원 서비스업,199577435,1062448235000,5000,원(KRW),02-3770-2000,서울 중구 을지로2가 185번지 동양종합금융증권빌딩
496,KRX:011690,11690,유양디앤유,32601,반도체 제조업,37372340,18686170000,500,원(KRW),031-350-7437,경기도 화성시 팔탄면 율암길 223
497,KRX:072130,72130,유엔젤,106301,"자료처리, 호스팅, 포털 및 기타 인터넷 정보매개서비스업",13195454,6597727000,500,원(KRW),031-710-6200,경기도 성남시 분당구 황새울로240번길 3
498,KRX:000220,220,유유제약,32102,의약품 제조업,6100019,7774404000,1000,원(KRW),043-652-7981,충청북도 제천시 바이오밸리1로 94
499,KRX:001200,1200,유진증권,116601,금융지원 서비스업,96866418,537592090000,5000,원(KRW),02-368-6114,서울특별시 영등포구 국제금융로 24 (여의도동)
500,KRX:000100,100,유한양행,32102,의약품 제조업,11152546,56943670000,5000,원(KRW),02-828-0181,서울특별시 동작구 노량진로 74
501,KRX:003460,3460,유화증권,116601,금융지원 서비스업,11340483,74178840000,5000,원(KRW),02-3770-0100,서울특별시 영등포구 국제금융로2길 36 유화증권빌딩
502,KRX:008730,8730,율촌화학,32202,플라스틱제품 제조업,24800000,14776380000,500,원(KRW),02-822-0022,서울특별시 동작구 여의대방로 112 도연관 15층
503,KRX:008250,8250,이건산업,31602,나무제품 제조업,9352731,46763655000,5000,원(KRW),032-760-0800,인천광역시 남구 염전로 91
504,KRX:025820,25820,이구산업,32402,1차 비철금속 제조업,33442000,16721000000,500,원(KRW),031-494-2929,경기도 안산시 단원구 별망로 493
505,KRX:214320,214320,이노션,137103,광고업,20000000,10000000000,500,원(KRW),02-2016-2300,서울특별시 강남구 강남대로 308
506,KRX:139480,139480,이마트,74701,종합 소매업,27875819,139379095000,5000,원(KRW),02-380-5678,서울특별시 성동구 뚝섬로 377
507,KRX:007660,7660,이수페타시스,32602,전자부품 제조업,41268398,41268398000,1000,원(KRW),053-610-0300,대구광역시 달성군 논공읍 논공로53길 36 이수페타시스
508,KRX:005950,5950,이수화학,32001,기초화학물질 제조업,15278000,76390000000,5000,원(KRW),02-590-6600,서울특별시 서초구 사평대로 84 이수화학
509,KRX:015020,15020,이스타코,126801,부동산 임대 및 공급업,42851600,21425800000,500,원(KRW),02-2643-7922,서울특별시 양천구 오목로 325 대학빌딩 5층
510,KRX:093230,93230,이아이디,32604,통신 및 방송 장비 제조업,64101882,12820376400,200,원(KRW),031-615-5700,경기도 평택시 산단로52번길 68 (모곡동)
511,KRX:074610,74610,이엔쓰리,32901,일반 목적용 기계 제조업,16186294,8093147000,500,원(KRW),02-3446-8730,경기도 화성시 비봉면 현대기아로 818-11
512,KRX:102460,102460,이연제약,32102,의약품 제조업,12900000,6450000000,500,원(KRW),02-3407-5218,서울특별시 용산구 서빙고로91나길 43
513,KRX:084680,84680,이월드,189102,유원지 및 기타 오락관련 서비스업,87225824,87225824000,1000,원(KRW),053-620-0001,대구광역시 달서구 두류공원로 200
514,KRX:000760,760,이화산업,74607,기타 전문 도매업,2800000,14000000000,5000,원(KRW),02-2007-5555,서울특별시 영등포구 선유동2로 70 (당산동 5가)
515,KRX:014990,14990,인디에프,31401,봉제의복 제조업,58932995,29466497500,500,원(KRW),02-3456-9000,서울특별시 강남구 테헤란로104길 21
516,KRX:006490,6490,인스코비,74605,기계장비 및 관련 물품 도매업,75367969,37683984500,500,원(KRW),070-7510-3448,"서울특별시 금천구 디지털로9길 47 (가산동, 한신아이티타워2차306-2호)"
517,KRX:023800,23800,인지컨트롤스,33003,자동차 부품 제조업,15160128,7580064000,500,원(KRW),031-496-1725,"경기도 시흥시 군자천로 171 (정왕동, 시화공단2다504)"
518,KRX:034590,34590,인천도시가스,43502,가스 제조 및 배관공급업,4374754,21873770000,5000,원(KRW),-1600-0002,인천광역시 서구 백범로934번길 23
519,KRX:129260,129260,인터지스,84903,도로 화물 운송업,29742762,14871381000,500,원(KRW),051-604-3333,부산광역시 중구 충장대로9번길 52 마린센터 13층
520,KRX:023810,23810,인팩,33003,자동차 부품 제조업,10000000,5000000000,500,원(KRW),031-491-2431,서울특별시 송파구 백제고분로 450 -
521,KRX:000230,230,일동제약,32102,의약품 제조업,25068065,25068065000,1000,원(KRW),02-526-3114,서울특별시 서초구 바우뫼로27길 2 일동제약빌딩
522,KRX:013360,13360,일성건설,64102,토목 건설업,5340364,27012440000,5000,원(KRW),032-429-3270,"인천광역시 남동구 인하로507번길 80 (구월동, 태광프라자402호)"
523,KRX:003120,3120,일성신약,32102,의약품 제조업,2660000,13300000000,5000,원(KRW),02-3271-8800,서울특별시 용산구 원효로84길 9
524,KRX:003200,3200,일신방직,31301,방적 및 가공사 제조업,2400000,12000000000,5000,원(KRW),02-3774-0114,서울특별시 영등포구 은행로 11
525,KRX:007110,7110,일신석재,74606,"건축자재, 철물 및 난방장치 도매업",77456610,38728305000,500,원(KRW),02-487-9009,서울특별시 강동구 성내로 19 서경빌딩 6층
526,KRX:007570,7570,일양약품,32102,의약품 제조업,19045984,48727660000,2500,원(KRW),02-570-3700,경기도 용인시 기흥구 하갈로 110
527,KRX:008500,8500,일정실업,31303,편조원단 및 편조제품 제조업,1200000,6000000000,5000,원(KRW),031-493-0031-5,경기도 안산시 단원구 산성로 21 (초지동)
528,KRX:081000,81000,일진다이아,32004,기타 화학제품 제조업,11277975,11277975000,1000,원(KRW),02-707-9076,충청북도 음성군 대소면 대금로 157
529,KRX:020760,20760,일진디스플,32601,반도체 제조업,28314440,14157220000,500,원(KRW),031-680-0212,충청북도 음성군 대소면 대금로 157
530,KRX:020150,20150,일진머티리얼즈,32602,전자부품 제조업,39200000,19600000000,500,원(KRW),02-707-9060,전라북도 익산시 석암로3길 63-25
531,KRX:103590,103590,일진전기,32803,절연선 및 케이블 제조업,37080390,37080390000,1000,원(KRW),02-707-9781,경기도 화성시 만년로 905-17
532,KRX:015860,15860,일진홀딩스,137105,"회사본부, 지주회사 및 경영컨설팅 서비스업",49347483,49852615000,1000,원(KRW),031-220-0500,경기도 화성시 만년로 905-17
533,KRX:033240,33240,자화전자,32602,전자부품 제조업,17900000,8950000000,500,원(KRW),043-210-7114,충청북도 청원군 북이면 충청대로 1217
534,KRX:000950,950,전방,31301,방적 및 가공사 제조업,1680000,8400000000,5000,원(KRW),02-2122-6000,"서울특별시 서대문구 서소문로 21 (충정로3가, 충정타워)"
535,KRX:030000,30000,제일기획,137103,광고업,115041225,23008245000,200,원(KRW),02-3780-2114,서울특별시 용산구 이태원로 222 제일기획
536,KRX:002620,2620,제일약품,32102,의약품 제조업,14850000,7425000000,500,원(KRW),02-549-7451,서울특별시 서초구 사평대로 343
537,KRX:001560,1560,제일연마,32309,기타 비금속 광물제품 제조업,10000000,5000000000,500,원(KRW),054-285-8401,경상북도 포항시 남구 대송로101번길 34(장흥동)
538,KRX:006220,6220,제주은행,116401,은행 및 저축기관,22128774,110643870000,5000,원(KRW),064-720-0200,제주특별자치도 제주시 오현길 90 (이도일동)
539,KRX:089590,89590,제주항공,85101,정기 항공 운송업,25906758,129533790000,5000,원(KRW),070-7420-1064,제주특별자치도 제주시 신대로 64 3층
540,KRX:004910,4910,조광페인트,32004,기타 화학제품 제조업,12800000,6400000000,500,원(KRW),051-304-7701-5,부산광역시 사상구 삼덕로 5 148
541,KRX:004700,4700,조광피혁,31501,"가죽, 가방 및 유사제품 제조업",6649138,34245690000,5000,원(KRW),043-270-5311-3,"충청북도 청주시 흥덕구 공단로126번길 97 (송정동, 공단2브럭)"
542,KRX:001550,1550,조비,32002,비료 및 질소화합물 제조업,3926628,19633140000,5000,원(KRW),02-3488-5853,서울특별시 서초구 효령로77길 28 동오빌딩 (서초동 1337-4)
543,KRX:000480,480,조선내화,32302,도자기 및 기타 요업제품 제조업,4000000,20000000000,5000,원(KRW),061-798-8114,전라남도 광양시 산업로 55
544,KRX:120030,120030,조선선재,32509,기타 금속가공제품 제조업,1257651,628825500,500,원(KRW),054-289-8200,경상북도 포항시 남구 괴동로 43 (장흥동)
545,KRX:018470,18470,조일알미늄,32402,1차 비철금속 제조업,69600000,34800000000,500,원(KRW),053-856-5252,경상북도 경산시 진량읍 공단6로 98
546,KRX:002600,2600,조흥,31007,기타 식품 제조업,600000,3000000000,5000,원(KRW),031-433-3883,경기도 안산시 단원구 시화로 38 (성곡동)
547,KRX:185750,185750,종근당,32102,의약품 제조업,9409050,23522625000,2500,원(KRW),02-2194-0300,서울 서대문구 충정로3가 3가 368 종근당빌딩
548,KRX:063160,63160,종근당바이오,32102,의약품 제조업,5229489,13073722500,2500,원(KRW),02-2194-0555,서울특별시 서대문구 충정로 8
549,KRX:001630,1630,종근당홀딩스,137105,"회사본부, 지주회사 및 경영컨설팅 서비스업",4477766,11194415000,2500,원(KRW),02-6373-0600,서울특별시 서대문구 충정로 8 종근당빌딩
550,KRX:044380,44380,주연테크,32603,컴퓨터 및 주변장치 제조업,42900000,4290000000,100,원(KRW),02-2122-1000,서울특별시 마포구 매봉산로 45 (상암동)
551,KRX:900050,900050,중국원양자원,137105,"회사본부, 지주회사 및 경영컨설팅 서비스업",94092702,1059366846,0,홍콩달러(HKD),-1319,"Suites 3701-10, 37/F, Jardine House，1 Connaught Place, Central Hong Kong -"
552,KRX:007630,7630,지에스인스트루,32604,통신 및 방송 장비 제조업,11787198,5893599000,500,원(KRW),032-865-5600,인천광역시 남구 길파로71번길 70
553,KRX:013870,13870,지엠비코리아,33003,자동차 부품 제조업,19072280,9536140000,500,원(KRW),055-263-2131,경상남도 창원시 성산구 웅남로 618(성산동)
554,KRX:071320,71320,지역난방공사,43503,"증기, 냉온수 및 공기조절 공급업",11578744,57893720000,5000,원(KRW),031-780-4114,경기도 성남시 분당구 분당로 368
555,KRX:010580,10580,지코,33003,자동차 부품 제조업,27712680,13856340000,500,원(KRW),041-529-7714,경기도 평택시 장안외길 27-16 -
556,KRX:035000,35000,지투알,137105,"회사본부, 지주회사 및 경영컨설팅 서비스업",16567409,17571493000,1000,원(KRW),02-705-2173,서울특별시 마포구 마포대로 155 LG마포B/D15F
557,KRX:088790,88790,진도,74607,기타 전문 도매업,12447744,6223872000,500,원(KRW),02-850-8270,서울특별시 금천구 가산디지털1로 75
558,KRX:003780,3780,진양산업,32202,플라스틱제품 제조업,13000000,6500000000,500,원(KRW),055-382-8981,경상남도 양산시 유산공단7길 42-1
559,KRX:010640,10640,진양폴리우레탄,32001,기초화학물질 제조업,10000000,5000000000,500,원(KRW),031-657-2545,경기 평택시 세교동 536-8번지
560,KRX:100250,100250,진양홀딩스,137105,"회사본부, 지주회사 및 경영컨설팅 서비스업",55895292,27947646000,500,원(KRW),051-809-8813,부산광역시 부산진구 시민공원로 20번길 8(부암동) -
561,KRX:051630,51630,진양화학,32202,플라스틱제품 제조업,12000000,6000000000,500,원(KRW),052-278-0700,울산광역시 남구 장생포로 93
562,KRX:011000,11000,진원생명과학,74607,기타 전문 도매업,16088063,16088063000,1000,원(KRW),02-527-0600,서울특별시 강남구 테헤란로 223 큰길타워빌딩
563,KRX:002780,2780,진흥기업,64102,토목 건설업,152562189,76857107500,500,원(KRW),02-772-1200,"인천광역시 연수구 컨벤시아대로 69 (송도동 , 송도밀레니엄 807호)"
564,KRX:009310,9310,참엔지니어링,32902,특수 목적용 기계 제조업,32639841,16744919000,500,원(KRW),031-8018-6700,경기도 용인시 처인구 남사면 형제로 5
565,KRX:000650,650,천일고속,84902,육상 여객 운송업,1429220,7146100000,5000,원(KRW),051-254-9111,부산광역시 동구 중앙대로 168(초량동)
566,KRX:012600,12600,청호컴넷,32901,일반 목적용 기계 제조업,6270242,31351210000,5000,원(KRW),02-3670-7700-2,서울특별시 강남구 도산대로 318
567,KRX:033250,33250,체시스,33003,자동차 부품 제조업,16590525,8295262500,500,원(KRW),053-851-8511,경상북도 경산시 진량읍 일연로 528
568,KRX:006380,6380,카프로,32001,기초화학물질 제조업,40000000,20000000000,500,원(KRW),02-399-1200,서울특별시 종로구 인사동7길 12 관훈동
569,KRX:021960,21960,케이비캐피탈,116409,기타 금융업,21492128,107460640000,5000,원(KRW),031-220-8000,경기도 수원시 팔달구 효원로 295
570,KRX:002380,2380,케이씨씨,32004,기타 화학제품 제조업,10520000,56252305000,5000,원(KRW),02-3480-5000,서울특별시 서초구 사평대로 344 (주)케이씨씨 빌딩
571,KRX:029460,29460,케이씨텍,32702,"측정, 시험, 항해, 제어 및 기타 정밀기기 제조업; 광학기기 제외",33393384,16696692000,500,원(KRW),031-670-8900,경기도 안성시 미양면 제2공단2길 39
572,KRX:009070,9070,케이씨티시,84903,도로 화물 운송업,30000000,15000000000,500,원(KRW),02-310-0700,서울특별시 중구 남대문로 63 한진빌딩
573,KRX:145270,145270,케이탑리츠,126801,부동산 임대 및 공급업,27105000,27105000000,1000,원(KRW),02-783-5858,서울특별시 영등포구 국제금융로 70 미원빌딩 14층 1403호
574,KRX:030200,30200,케이티,106102,전기통신업,261111808,1564498835000,5000,원(KRW),031-727-0114,경기도 성남시 분당구 불정로 90 KT 본사
575,KRX:058860,58860,케이티스,106309,기타 정보 서비스업,34802000,17401000000,500,원(KRW),02-3215-2054,서울특별시 영등포구 여의대로 14 케이티빌딩 10층
576,KRX:053210,53210,케이티스카이라이프,106002,텔레비전 방송업,47821966,119554915000,2500,원(KRW),02-2003-3000,"서울특별시 마포구 매봉산로 758층, 9층"
577,KRX:033780,33780,케이티앤지,31201,담배 제조업,137292497,954959485000,5000,원(KRW),042-939-5000,대전광역시 대덕구 벚꽃길 71 주식회사 케이티앤지
578,KRX:900140,900140,코라오홀딩스,137105,"회사본부, 지주회사 및 경영컨설팅 서비스업",47869508,11967377,0.25,미국달러(USD),02-6050-7000,"PO Box 309, Ugland House, Grand Cayman, KY1-1104, Cayman Islands"
579,KRX:090970,90970,코리아01호,126901,운송장비 임대업,2191080,10955400000,5000,원(KRW),02-559-1900,부산광역시 영도구 남항서로 6-7
580,KRX:090980,90980,코리아02호,126901,운송장비 임대업,2191080,10955400000,5000,원(KRW),02-559-1900,부산광역시 영도구 남항서로 6-7
581,KRX:090990,90990,코리아03호,126901,운송장비 임대업,2191080,10955400000,5000,원(KRW),02-559-1900,부산광역시 영도구 남항서로 6-7
582,KRX:091000,91000,코리아04호,126901,운송장비 임대업,2191080,10955400000,5000,원(KRW),02-559-1900,부산광역시 영도구 남항서로 6-7
583,KRX:007810,7810,코리아써키트,32602,전자부품 제조업,23620751,13684570000,500,원(KRW),031-491-3061,경기도 안산시 단원구 강촌로139번길 9
584,KRX:003690,3690,코리안리,116502,재 보험업,120369116,60184558000,500,원(KRW),02-3702-6000,서울특별시 종로구 종로5길 68 (수송동) 코리안리빌딩
585,KRX:192820,192820,코스맥스,32004,기타 화학제품 제조업,8999509,4499754500,500,원(KRW),031-359-0300,"경기도 화성시 향남읍 제약공단1길 27, 2길 46"
586,KRX:044820,44820,코스맥스비티아이,137105,"회사본부, 지주회사 및 경영컨설팅 서비스업",9603921,4801960500,500,원(KRW),031-789-3000,"경기도 성남시 분당구 판교로 255 E-401(삼평동,판교이노밸리)"
587,KRX:005070,5070,코스모신소재,32004,기타 화학제품 제조업,14987968,74939840000,5000,원(KRW),043-850-1114,인천광역시 서구 가석로 36 (가좌동)
588,KRX:005420,5420,코스모화학,32004,기타 화학제품 제조업,13328444,66642220000,5000,원(KRW),032-451-6100,서울특별시 서초구 반포대로 43 코스모빌딩 5층
589,KRX:071950,71950,코아스,33201,가구 제조업,29558465,14779232500,500,원(KRW),02-2692-2360,서울특별시 영등포구 선유로52길 17
590,KRX:002020,2020,코오롱,137105,"회사본부, 지주회사 및 경영컨설팅 서비스업",12061185,65687875000,5000,원(KRW),02-3677-3114,경기 과천시 별양동 1-23 코오롱타워
591,KRX:003070,3070,코오롱글로벌,64102,토목 건설업,16438510,83756565000,5000,원(KRW),02-3677-5114,경기도 과천시 코오롱로 11 코오롱타워
592,KRX:144620,144620,코오롱머티리얼,32005,화학섬유 제조업,9000000,45000000000,5000,원(KRW),02-3677-4286,경기도 과천시 코오롱로 13 코오롱타워 별관8층
593,KRX:120110,120110,코오롱인더,32005,화학섬유 제조업,25118246,139430530000,5000,원(KRW),3677-3114,경기도 과천시 코오롱로 11 코오롱타워
594,KRX:138490,138490,코오롱플라스틱,32003,합성고무 및 플라스틱 물질 제조업,29000000,29000000000,1000,원(KRW),054-420-8371,경상북도 김천시 공단3길 64 (응명동)
595,KRX:021240,21240,코웨이,199609,그외 기타 개인 서비스업,77124796,40662398000,500,원(KRW),041-850-7811-5,충청남도 공주시 유구읍 유구마곡사로 136-23
596,KRX:031820,31820,콤텍시스템,106201,"컴퓨터 프로그래밍, 시스템 통합 및 관리업",31851466,15925733000,500,원(KRW),02-3289-0114,서울특별시 영등포구 가마산로 343
597,KRX:192400,192400,쿠쿠전자,32805,가정용 기기 제조업,9803360,4901680000,500,원(KRW),055-380-0734,경상남도 양산시 유산공단2길 14(교동)
598,KRX:005740,5740,크라운제과,31007,기타 식품 제조업,1473524,7822695000,5000,원(KRW),02-791-9123,서울특별시 용산구 한강대로72길 3
599,KRX:012170,12170,키스톤글로벌,74607,기타 전문 도매업,79695799,39847899500,500,원(KRW),02-769-4700,서울특별시 강남구 도산대로 439 소봉빌딩 4층
600,KRX:039490,39490,키움증권,116601,금융지원 서비스업,22099740,110498700000,5000,원(KRW),02-3787-5000,서울특별시 영등포구 국제금융로2길 36
601,KRX:015890,15890,태경산업,32001,기초화학물질 제조업,29228750,14614375000,500,원(KRW),031-206-0071,경기도 수원시 영통구 신원로 53 (신동)
602,KRX:006890,6890,태경화학,32001,기초화학물질 제조업,11600000,5800000000,500,원(KRW),02-3661-8011,서울특별시 강서구 공항대로 467 (등촌동)
603,KRX:003240,3240,태광산업,32005,화학섬유 제조업,1113400,5567000000,5000,원(KRW),02-3406-0300,서울특별시 중구 동호로 310 (장충동2가)
604,KRX:011280,11280,태림포장공업,31702,"골판지, 종이 상자 및 종이 용기 제조업",70805940,35402970000,500,원(KRW),031-499-3333,경기도 시흥시 공단1대로379번안길 74
605,KRX:004100,4100,태양금속공업,33003,자동차 부품 제조업,36700000,20000000000,500,원(KRW),031-490-5500,경기도 안산시 단원구 해봉로 212 (성곡동)
606,KRX:009410,9410,태영건설,64102,토목 건설업,76400000,39478740000,500,원(KRW),02-2090-2200,경기도 고양시 일산동구 정발산로 24
607,KRX:001420,1420,태원물산,33003,자동차 부품 제조업,7600000,3800000000,500,원(KRW),02-555-4301,서울특별시 강남구 테헤란로86길 14 (대치동)
608,KRX:007980,7980,태평양물산,31401,봉제의복 제조업,39706670,19853335000,500,원(KRW),02-850-9000,경기도 안산시 단원구 산단로163번길 60
609,KRX:078000,78000,텔코웨어,106301,"자료처리, 호스팅, 포털 및 기타 인터넷 정보매개서비스업",9702706,5026353000,500,원(KRW),02 -2105-9800,서울특별시 서초구 법원로3길 20-7
610,KRX:214420,214420,토니모리,32004,기타 화학제품 제조업,11760000,2352000000,200,원(KRW),02-591-3191,서울특별시 서초구 방배로 180 토니모리빌딩
611,KRX:140890,140890,트러스제7호,126801,부동산 임대 및 공급업,9686000,48430000000,5000,원(KRW),02-785-8920,서울특별시 양천구 목동동로 233-3
612,KRX:019180,19180,티에이치엔,32809,기타 전기장비 제조업,18000000,9000000000,500,원(KRW),053-583-3001,대구광역시 달서구 성서로71길 43
613,KRX:004870,4870,티웨이홀딩스,32303,"시멘트, 석회, 플라스터 및 그 제품 제조업",15784325,7892162500,500,원(KRW),02-2056-9800,"서울특별시 성동구 아차산로 153 7층(성수동2가, 예림출판문화센터)"
614,KRX:008900,8900,티이씨코,32803,절연선 및 케이블 제조업,16242217,8121108500,500,원(KRW),02-2021-0600,경기도 안양시 동안구 시민대로 180 지스퀘어빌딩 24층
615,KRX:134790,134790,팀스,33201,가구 제조업,2000000,1000000000,500,원(KRW),02-3434-3908,충청북도 음성군 감곡면 음성로2568번길 33 (주)팀스 음성공장
616,KRX:005690,5690,파미셀,32101,기초 의약물질 및 생물학적 제제 제조업,57233723,28616861500,500,원(KRW),02-3496-0114,"서울특별시 강남구 도산대로 120 15층 (논현동, 청호빌딩)"
617,KRX:036580,36580,팜스코,31006,"곡물가공품, 전분 및 전분제품 제조업",36727943,18363971500,500,원(KRW),031-7207-114,경기도 안성시 미양면 제2공단4길 33
618,KRX:028670,28670,팬오션,85001,해상 운송업,524425070,524425070000,1000,원(KRW),02-316-5114,서울특별시 중구 후암로 98 STX남산타워
619,KRX:010820,10820,퍼스텍,32502,무기 및 총포탄 제조업,46764840,23382420000,500,원(KRW),055-212-1606,경상남도 창원시 성산구 남면로 485 퍼스텍(주)
620,KRX:016800,16800,퍼시스,33201,가구 제조업,11500000,14300000000,1000,원(KRW),02-3400-6386,서울특별시 송파구 오금로 311 오금동
621,KRX:001020,1020,페이퍼코리아,31701,"펄프, 종이 및 판지 제조업",145376988,72688494000,500,원(KRW),063-440-5000,전라북도 군산시 구암로 50
622,KRX:090080,90080,평화산업,33003,자동차 부품 제조업,37403844,18701922000,500,원(KRW),053-610-7027,대구광역시 달성군 논공읍 논공로 597
623,KRX:010770,10770,평화홀딩스,137105,"회사본부, 지주회사 및 경영컨설팅 서비스업",14625466,7312733000,500,원(KRW),053-610-8500,대구광역시 달성군 논공읍 논공로 597
624,KRX:005490,5490,포스코,32401,1차 철강 제조업,87186835,482403125000,5000,원(KRW),054-220-0114,경상북도 포항시 남구 동해안로 6261 (주) 포스코
625,KRX:058430,58430,포스코강판,32401,1차 철강 제조업,6000000,30000000000,5000,원(KRW),054-280-6114,경상북도 포항시 남구 철강로 173 포스코강판주식회사
626,KRX:051310,51310,포스코플랜텍,64102,토목 건설업,180834946,91707473000,500,원(KRW),054-279-7114,경상북도 포항시 남구 대송로 83번길 61(장흥동)
627,KRX:017810,17810,풀무원,137105,"회사본부, 지주회사 및 경영컨설팅 서비스업",3809095,19045475000,5000,원(KRW),043-879-4500,충청북도 음성군 대소면 삼양로 730-27
628,KRX:103140,103140,풍산,32402,1차 비철금속 제조업,28024278,140121390000,5000,원(KRW),02-3406-5846,경기도 평택시 포승읍 평택항로156번길 134 (주)풍산
629,KRX:005810,5810,풍산홀딩스,137105,"회사본부, 지주회사 및 경영컨설팅 서비스업",7835167,45175835000,5000,원(KRW),02-2278-6700,인천광역시 계양구 아나지로 156 효성동 (주)풍산홀딩스
630,KRX:033180,33180,필룩스,32602,전자부품 제조업,25309239,12804619500,500,원(KRW),070-7780-8000,경기도 양주시 광적면 광적로 235-48
631,KRX:086790,86790,하나금융지주,116409,기타 금융업,296003062,1480015310000,5000,원(KRW),02-2002-1110,서울특별시 중구 을지로 55
632,KRX:099340,99340,하나니켈1호,116402,투자기관,22756200,113781000000,0,원(KRW),02-3771-9870,"서울특별시 중구 다동길 43 9층 (다동, 한외빌딩)"
633,KRX:099350,99350,하나니켈2호,116402,투자기관,3284000,16420000000,0,원(KRW),02-3771-9834,"서울특별시 중구 다동길 43 9층 (다동, 한외빌딩)"
634,KRX:039130,39130,하나투어,147502,여행사 및 기타 여행보조 서비스업,11616185,5808092500,500,원(KRW),02-2127-1000,서울특별시 종로구 인사동5길 41 (주)하나투어
635,KRX:172580,172580,하이골드12호,126901,운송장비 임대업,13044500,65222500000,5000,원(KRW),02-2090-4625,제주특별자치도 제주시 연삼로 473 산업경제진흥원 (이도이동)
636,KRX:139200,139200,하이골드2호,126901,운송장비 임대업,13339907,66699535000,5000,원(KRW),02-559-1900,제주특별자치도 제주시 연삼로 473 산업경제진흥원
637,KRX:153360,153360,하이골드3호,126901,운송장비 임대업,16149790,80748950000,5000,원(KRW),02-2090-4623,제주특별시자치도 제주시 연삼로 473 산업경제진흥원
638,KRX:159650,159650,하이골드8호,126901,운송장비 임대업,14905929,74529645000,5000,원(KRW),02-2090-4600,제주특별자치도 제주시 연삼로 473 산업경재진흥원 연삼로 473 산업경제진흥원(이도이동)
639,KRX:071090,71090,하이스틸,32401,1차 철강 제조업,1999944,9999720000,5000,원(KRW),02-2273-2140,충청남도 당진시 송악읍 부곡공단4길 28-252
640,KRX:019490,19490,하이트론씨스템즈,32605,영상 및 음향기기 제조업,5530735,13826837500,2500,원(KRW),031-670-9100,경기도 안성시 삼죽면 서동대로 5953-85
641,KRX:000080,80,하이트진로,31101,알콜음료 제조업,70133611,368818745000,5000,원(KRW),02-3219-0114,서울특별시 강남구 영동대로 714
642,KRX:000140,140,하이트진로홀딩스,137105,"회사본부, 지주회사 및 경영컨설팅 서비스업",23206765,118387875000,5000,원(KRW),02-520-3112,서울특별시 강남구 영동대로 714
643,KRX:152550,152550,한국ANKOR유전,116402,투자기관,70020000,350100000000,0,원(KRW),2180-0493,서울특별시 영등포구 은행로 3 여의도동
644,KRX:036460,36460,한국가스공사,43502,가스 제조 및 배관공급업,92313000,461565000000,5000,원(KRW),053-670-0114,대구광역시 동구 첨단로 120-
645,KRX:005430,5430,한국공항,85209,기타 운송관련 서비스업,3166355,15831775000,5000,원(KRW),02-2660-3114,서울특별시 강서구 양천로 13 (방화동) 한국공항(주)
646,KRX:071050,71050,한국금융지주,116409,기타 금융업,55725992,307921215000,5000,원(KRW),02-3276-6400,서울특별시 영등포구 의사당대로 88
647,KRX:010040,10040,한국내화,32302,도자기 및 기타 요업제품 제조업,22863632,11431816000,500,원(KRW),041-359-2200,충청남도 당진시 송산면 무수들길 370
648,KRX:025540,25540,한국단자공업,32801,"전동기, 발전기 및 전기 변환 공급 제어 장치 제조업",10415000,5207500000,500,원(KRW),032-814-9981,인천광역시 연수구 갯벌로 38
649,KRX:004090,4090,한국석유공업,32309,기타 비금속 광물제품 제조업,655200,3276000000,5000,원(KRW),02-799-3114,서울특별시 용산구 이촌로 166
650,KRX:002200,2200,한국수출포장공업,31702,"골판지, 종이 상자 및 종이 용기 제조업",4000000,20000000000,5000,원(KRW),02-525-2981-9,서울특별시 서초구 서초중앙로 63
651,KRX:002960,2960,한국쉘석유,31902,석유 정제품 제조업,1300000,7000000000,5000,원(KRW),051-620-5133,부산광역시 남구 신선로 250 (용당동)
652,KRX:002000,2000,한국유리공업,32301,유리 및 유리제품 제조업,10079660,69882185000,5000,원(KRW),02-3706-9114,"서울특별시 강남구 테헤란로 211 10층 (역삼동, 한국고등교육재단빌딩)"
653,KRX:015760,15760,한국전력공사,43501,전기업,641964077,3209820385000,5000,원(KRW),061-345-3114,전라남도 나주시 전력로 55 -
654,KRX:006200,6200,한국전자홀딩스,137105,"회사본부, 지주회사 및 경영컨설팅 서비스업",46803136,23401568000,500,원(KRW),02-3497-5535,서울특별시 서초구 마방로10길 5
655,KRX:002300,2300,한국제지,31701,"펄프, 종이 및 판지 제조업",5004949,25024745000,5000,원(KRW),02-3475-7200,서울특별시 강남구 테헤란로 504 해성빌딩 19층
656,KRX:023350,23350,한국종합기술,137201,"건축기술, 엔지니어링 및 관련기술 서비스업",10950000,5475000000,500,원(KRW),02-2049-2517,경기도 성남시 중원구 산성대로476번길 6 (금광동)
657,KRX:025890,25890,한국주강,32902,특수 목적용 기계 제조업,11309259,5654629500,500,원(KRW),055-585-7001,경상남도 함안군 군북면 장백로 228
658,KRX:000970,970,한국주철관공업,32401,1차 철강 제조업,22800500,12000000000,500,원(KRW),051-291-5481-5,부산광역시 사하구 을숙도대로 525
659,KRX:104700,104700,한국철강,32401,1차 철강 제조업,9210000,46050000000,5000,원(KRW),055-260-0500,경상남도 창원시 성산구 공단로103번길 12 한국철강(주)
660,KRX:017960,17960,한국카본,32501,"구조용 금속제품, 탱크 및 증기발생기 제조업",40996887,20498443500,500,원(KRW),055-350-8888,경상남도 밀양시 부북면 춘화로 85
661,KRX:161890,161890,한국콜마,32004,기타 화학제품 제조업,21100151,10550075500,500,원(KRW),02-3485-0332,세종특별자치시 전의면 덕고개길 12-11
662,KRX:024720,24720,한국콜마홀딩스,137105,"회사본부, 지주회사 및 경영컨설팅 서비스업",16391930,8195965000,500,원(KRW),041-862-1057,세종특별자치시 전의면 덕고개길 12-11
663,KRX:161390,161390,한국타이어,32201,고무제품 제조업,123875069,61937534500,500,원(KRW),02-2222-1000,서울특별시 강남구 테헤란로 133
664,KRX:000240,240,한국타이어월드와이드,137105,"회사본부, 지주회사 및 경영컨설팅 서비스업",93020173,46510086500,500,원(KRW),02-2222-1000,서울특별시 강남구 테헤란로 133
665,KRX:007280,7280,한국특수형강,32401,1차 철강 제조업,10000000,5000000000,500,원(KRW),051-323-2611,부산광역시 사상구 장인로77번길 52(학장동)
666,KRX:168490,168490,한국패러랠,116402,투자기관,80020000,400100000000,0,원(KRW),02-3276-4815,서울특별시 영등포구 은행로3
667,KRX:010100,10100,한국프랜지공업,33003,자동차 부품 제조업,6090084,30450420000,5000,원(KRW),052-233-5511,울산 동구 동부동 194
668,KRX:047810,47810,한국항공우주,33103,"항공기,우주선 및 부품 제조업",97475107,487375535000,5000,원(KRW),055-851-1380,경상남도 사천시 사남면 공단1로 78 한국항공우주산업
669,KRX:123690,123690,한국화장품,74604,가정용품 도매업,16068000,8034000000,500,원(KRW),02-724-3290,서울특별시 종로구 청계천로 35
670,KRX:003350,3350,한국화장품제조,32004,기타 화학제품 제조업,4532000,2266000000,500,원(KRW),02-724-3710,서울특별시 종로구 청계천로 35
671,KRX:011500,11500,한농화성,32004,기타 화학제품 제조업,15637042,7818521000,500,원(KRW),063-462-2455,"전라북도 군산시 외항1길 24 (소룡동,0)"
672,KRX:002390,2390,한독,32102,의약품 제조업,12594080,6297040000,500,원(KRW),02-527-5114,서울특별시 강남구 테헤란로 132
673,KRX:014790,14790,한라,64102,토목 건설업,33494942,167474710000,5000,원(KRW),02-3434-5114,서울특별시 송파구 올림픽로 289
674,KRX:060980,60980,한라홀딩스,137105,"회사본부, 지주회사 및 경영컨설팅 서비스업",10802691,55086180000,5000,원(KRW),02-3434-6363,경기도 용인시 기흥구 기흥단지로 46 -
675,KRX:053690,53690,한미글로벌,137201,"건축기술, 엔지니어링 및 관련기술 서비스업",9569866,4784933000,500,원(KRW),02-3429-6300,서울특별시 강남구 테헤란로87길 36 도심공항타워 층
676,KRX:042700,42700,한미반도체,32902,특수 목적용 기계 제조업,25432841,12716420500,500,원(KRW),032-571-9100,인천광역시 서구 가좌로30번길 14
677,KRX:008930,8930,한미사이언스,137105,"회사본부, 지주회사 및 경영컨설팅 서비스업",57185523,28592761500,500,원(KRW),02-410-9114,경기도 화성시 팔탄면 무하로 214 한미약품(주) 팔탄공단
678,KRX:128940,128940,한미약품,32102,의약품 제조업,10230909,25577272500,2500,원(KRW),031-356-3311,경기도 화성시 팔탄면 무하로 214
679,KRX:009240,9240,한샘,74604,가정용품 도매업,23533928,23533928000,1000,원(KRW),02-590-3114,경기도 안산시 단원구 번영2로 144
680,KRX:020000,20000,한섬,31401,봉제의복 제조업,24630000,12315000000,500,원(KRW),02-3416-2000,서울특별시 강남구 도산대로 523 한섬빌딩
681,KRX:003680,3680,한성기업,31002,수산물 가공 및 저장 처리업,5477951,27389755000,5000,원(KRW),051-410-7100,부산광역시 영도구 태종로 63
682,KRX:105630,105630,한세실업,31401,봉제의복 제조업,40000000,20000000000,500,원(KRW),02-3779-0779,서울특별시 영등포구 은행로 29 정우빌딩
683,KRX:016450,16450,한세예스24홀딩스,137105,"회사본부, 지주회사 및 경영컨설팅 서비스업",40000000,20000000000,500,원(KRW),02-3779-0800,서울특별시 영등포구 은행로 11 일신빌딩 6층
684,KRX:009180,9180,한솔로지스틱스,85209,기타 운송관련 서비스업,16477425,8840941000,500,원(KRW),02-3287-7400,서울특별시 중구 을지로 100 파인애비뉴 B동 22층
685,KRX:007190,7190,한솔아트원제지,31701,"펄프, 종이 및 판지 제조업",38478081,38945796000,1000,원(KRW),031-370-7700,경기도 오산시 황새로 91
686,KRX:213500,213500,한솔제지,31701,"펄프, 종이 및 판지 제조업",16536509,82682545000,5000,원(KRW),02-3287-6040,"서울특별시 중구 을지로 100 비동 (을지로2가, 파인애비뉴)"
687,KRX:014680,14680,한솔케미칼,32001,기초화학물질 제조업,11295195,56475975000,5000,원(KRW),02-2152-2326,서울특별시 강남구 테헤란로 513K Tower 7F / 8F
688,KRX:004710,4710,한솔테크닉스,32602,전자부품 제조업,22109878,110549390000,5000,원(KRW),02-3287-7902,서울특별시 중구 을지로 100
689,KRX:010420,10420,한솔피엔에스,74607,기타 전문 도매업,27590997,13795498500,500,원(KRW),02-6005-4534,서울특별시 중구 퇴계로 213 일흥빌딩 5층
690,KRX:004150,4150,한솔홀딩스,137105,"회사본부, 지주회사 및 경영컨설팅 서비스업",38596735,192983675000,5000,원(KRW),02-3287-6875,서울특별시 중구 을지로 100 파인애비뉴 B동 24층
691,KRX:025750,25750,한솔홈데코,31601,제재 및 목재 가공업,76110561,79310561000,1000,원(KRW),02-3284-3881,서울특별시 동작구 보라매로5길 15 전문건설회관빌딩
692,KRX:004960,4960,한신공영,64101,건물 건설업,9908391,49541955000,5000,원(KRW),02-3393-3114,경기도 용인시 처인구 백암면 덕평로 82
693,KRX:011700,11700,한신기계공업,32901,일반 목적용 기계 제조업,32446151,16223075500,500,원(KRW),031-491-3911,경기도 안산시 단원구 해봉로330번길 23 신길동
694,KRX:001750,1750,한양증권,116601,금융지원 서비스업,12728534,66267670000,5000,원(KRW),02-3770-5000,서울 영등포구 여의도동 34-11
695,KRX:018880,18880,한온시스템,32901,일반 목적용 기계 제조업,106760000,53380000000,500,원(KRW),042-930-6114,대전광역시 대덕구 신일서로 95
696,KRX:009420,9420,한올바이오파마,32102,의약품 제조업,51534756,25767378000,500,원(KRW),042-932-5997,대전광역시 대덕구 상서당1길 43
697,KRX:014130,14130,한익스프레스,84903,도로 화물 운송업,1200000,6000000000,5000,원(KRW),02-3400-5474,경기도 화성시 양감면 초록로 103 (주)한익스프레스
698,KRX:003300,3300,한일시멘트,32303,"시멘트, 석회, 플라스터 및 그 제품 제조업",7545313,37726565000,5000,원(KRW),02-531-7000,서울특별시 강남구 강남대로 330 우덕빌딩
699,KRX:200880,200880,한일이화,33003,자동차 부품 제조업,27028437,13514218500,500,원(KRW),02-2618-5231,서울특별시 강남구 강남대로 330 우덕빌딩
700,KRX:002220,2220,한일철강,32401,1차 철강 제조업,2040000,10200000000,5000,원(KRW),02-2267-6161,서울특별시 중구 퇴계로27길 28 (한영빌딩 9층)
701,KRX:051600,51600,한전KPS,64203,전기 및 통신 공사업,45000000,9000000000,200,원(KRW),061-345-2000,전라남도 나주시 문화로 211 -
702,KRX:052690,52690,한전기술,137201,"건축기술, 엔지니어링 및 관련기술 서비스업",38220000,7644000000,200,원(KRW),031-289-3114,경상북도 김천시 혁신로 269 (율곡동)
703,KRX:130660,130660,한전산업,137201,"건축기술, 엔지니어링 및 관련기술 서비스업",32600000,16300000000,500,원(KRW),02-2250-2700,서울특별시 중구 서소문로 115 한산빌딩
704,KRX:002320,2320,한진,84903,도로 화물 운송업,11974656,59873280000,5000,원(KRW),02-728-5114,서울특별시 중구 남대문로 63 한진빌딩
705,KRX:097230,97230,한진중공업,64102,토목 건설업,102288465,511442325000,5000,원(KRW),051-410-3114,부산광역시 영도구 태종로 233 한진중공업
706,KRX:003480,3480,한진중공업홀딩스,137105,"회사본부, 지주회사 및 경영컨설팅 서비스업",29529812,155149060000,5000,원(KRW),051-410-3114,부산광역시 중구 충장대로 6(중앙동4가)
707,KRX:180640,180640,한진칼,137105,"회사본부, 지주회사 및 경영컨설팅 서비스업",52773256,133275055000,2500,원(KRW),02-726-6166,서울특별시 중구 소공로 88 (소공동)
708,KRX:117930,117930,한진해운,85001,해상 운송업,245269947,1226349735000,5000,원(KRW),3770-6114,서울특별시 영등포구 국제금융로2길 25
709,KRX:005110,5110,한창,74605,기계장비 및 관련 물품 도매업,34458589,17229294500,500,원(KRW),02-850-6545,부산광역시 연제구 중앙대로1043번길 34
710,KRX:009460,9460,한창제지,31701,"펄프, 종이 및 판지 제조업",59667486,29833743000,500,원(KRW),055-370-2000,경상남도 양산시 웅상대로 1564 (주)한창제지
711,KRX:000880,880,한화,32004,기타 화학제품 제조업,74958735,377190145000,5000,원(KRW),02-729-1114,서울특별시 중구 청계천로 86 24층
712,KRX:027390,27390,한화갤러리아타임월드,74701,종합 소매업,6000114,30000570000,5000,원(KRW),042-480-5000,대전광역시 서구 대덕대로 211 갤러리아타임월드백화점 (주)한화타임월드
713,KRX:088350,88350,한화생명,116501,보험업,868530000,4342650000000,5000,원(KRW),02-789-5114,서울특별시 영등포구 63로 50
714,KRX:000370,370,한화손해보험,116501,보험업,90738915,453694575000,5000,원(KRW),02-1566-8000,서울특별시 영등포구 여의대로 56 한화손해보험(주)
715,KRX:009830,9830,한화케미칼,32001,기초화학물질 제조업,161939571,815316540000,5000,원(KRW),02-729-2700,서울특별시 중구 청계천로 86 한화빌딩
716,KRX:012450,12450,한화테크윈,32901,일반 목적용 기계 제조업,53130000,265650000000,5000,원(KRW),070-7147-7000,경상남도 창원시 성산구 창원대로 1204
717,KRX:003530,3530,한화투자증권,116601,금융지원 서비스업,83355651,440778255000,5000,원(KRW),02-3772-7000,서울특별시 영등포구 여의대로 56 한화증권빌딩 한화투자증권 주식회사
718,KRX:025850,25850,한화화인케미칼,32001,기초화학물질 제조업,3800000,19000000000,5000,원(KRW),061-688-4802,전라남도 여수시 여수산단2로 46-47 (월하동)
719,KRX:015540,15540,핫텍,147509,기타 사업지원 서비스업,28976649,14488324500,500,원(KRW),02-733-5180,"서울특별시 강남구 테헤란로 44312층(삼성동, 애플트리타워)"
720,KRX:089470,89470,현대EP,32004,기타 화학제품 제조업,31900000,17200000000,500,원(KRW),041-350-0500,충청남도 당진시 석문면 대호만로 1221-32 현대EP 주식회사
721,KRX:000720,720,현대건설,64102,토목 건설업,111355765,557273105000,5000,원(KRW),02-746-1114,서울특별시 종로구 율곡로 75
722,KRX:005440,5440,현대그린푸드,74701,종합 소매업,97704482,48852241000,500,원(KRW),031-525-2233,경기도 용인시 수지구 문인로 30
723,KRX:086280,86280,현대글로비스,85209,기타 운송관련 서비스업,37500000,18750000000,500,원(KRW),02-6191-9114,서울특별시 강남구 영동대로 512
724,KRX:064350,64350,현대로템,33102,철도장비 제조업,85000000,425000000000,5000,원(KRW),055-273-1341,경상남도 창원시 의창구 창원대로 488
725,KRX:079430,79430,현대리바트,33201,가구 제조업,17261650,17261650000,1000,원(KRW),02-3480-8001,경기도 용인시 처인구 남사면 경기동로 316 리바트
726,KRX:012330,12330,현대모비스,33003,자동차 부품 제조업,97343863,490969315000,5000,원(KRW),02-2018-5114,서울 강남구 역삼1동 로담코빌딩 140-2
727,KRX:010620,10620,현대미포조선,33101,선박 및 보트 건조업,20000000,100000000000,5000,원(KRW),052-250-3114,울산광역시 동구 방어진순환도로 100 (주)현대미포조선
728,KRX:069960,69960,현대백화점,74701,종합 소매업,23402441,117012205000,5000,원(KRW),02-549-2233,서울특별시 강남구 압구정로 201
729,KRX:004560,4560,현대비앤지스틸,32401,1차 철강 제조업,15078811,75943315000,5000,원(KRW),055-268-4114,경상남도 창원시 성산구 적현로 124
730,KRX:012630,12630,현대산업개발,64101,건물 건설업,75384180,376920900000,5000,원(KRW),02-2008-9114,서울특별시 용산구 한강대로23길 55 현대아이파크몰 9층 현대산업개발
731,KRX:011200,11200,현대상선,85001,해상 운송업,219697525,1098487625000,5000,원(KRW),02-3706-5114,서울특별시 종로구 율곡로 194
732,KRX:006390,6390,현대시멘트,32303,"시멘트, 석회, 플라스터 및 그 제품 제조업",8754954,43774770000,5000,원(KRW),02-520-2114,서울특별시 서초구 서초대로 398 플래티넘타워
733,KRX:227840,227840,현대씨앤에프,74603,음식료품 및 담배 도매업,9100836,45504180000,5000,원(KRW),02-390-1568,서울특별시 종로구 율곡로2길 25
734,KRX:004310,4310,현대약품,32102,의약품 제조업,28000000,14000000000,500,원(KRW),041-570-5114,충청남도 천안시 동남구 풍세면 잔다리길 55
735,KRX:126560,126560,현대에이치씨엔,137105,"회사본부, 지주회사 및 경영컨설팅 서비스업",107892760,53946380000,500,원(KRW),02-1877-8000,서울특별시 서초구 반포대로 19 에이치씨엔빌딩
736,KRX:017800,17800,현대엘리베이터,32901,일반 목적용 기계 제조업,24632513,123162565000,5000,원(KRW),031-644-5114,경기도 이천시 부발읍 경충대로 2091 현대엘리베이터(주)
737,KRX:011210,11210,현대위아,33003,자동차 부품 제조업,27195083,135975415000,5000,원(KRW),055-280-9114,경상남도 창원시 성산구 정동로 153
738,KRX:005380,5380,현대자동차,33001,자동차용 엔진 및 자동차 제조업,220276479,1488993125000,5000,원(KRW),02-3464-1114,서울특별시 서초구 헌릉로 12
739,KRX:004020,4020,현대제철,32401,1차 철강 제조업,133445785,667228925000,5000,원(KRW),032-760-2114,인천광역시 동구 중봉대로 63
740,KRX:011760,11760,현대종합상사,74608,상품 종합 도매업,13228966,66144830000,5000,원(KRW),02-390-1114,서울특별시 종로구 율곡로2길 25 연합미디어센터빌딩 16층
741,KRX:009540,9540,현대중공업,33101,선박 및 보트 건조업,76000000,380000000000,5000,원(KRW),052-202-2114,울산광역시 동구 방어진순환도로 1000 현대중공업
742,KRX:003450,3450,현대증권,116601,금융지원 서비스업,236612530,1183062650000,5000,원(KRW),02-768-0114,서울특별시 영등포구 여의나루로4길 21 현대증권(주) 전략기획실 9층
743,KRX:011720,11720,현대페인트,32004,기타 화학제품 제조업,28031436,14015718000,500,원(KRW),032-529-1211-7,인천 부평구 청천1동 383
744,KRX:001450,1450,현대해상,116501,보험업,89400000,44700000000,500,원(KRW),02-1588-5656,서울 종로구 세종로 현대해상화재보험빌딩
745,KRX:057050,57050,현대홈쇼핑,74709,무점포 소매업,12000000,60000000000,5000,원(KRW),02-2143-2000,서울특별시 강동구 올림픽로70길 34
746,KRX:093240,93240,형지엘리트,31401,봉제의복 제조업,16993571,8496785500,500,원(KRW),02-3279-8015,서울특별시 강남구 테헤란로38길 12 디앤와이빌딩
747,KRX:003010,3010,혜인,74605,기계장비 및 관련 물품 도매업,12712747,6356373500,500,원(KRW),02-3498-4500,서울특별시 서초구 동산로 86 혜인빌딩
748,KRX:008770,8770,호텔신라,74708,기타 상품 전문 소매업,39248121,200000000000,5000,원(KRW),02-2230-3226-7,서울특별시 중구 동호로 249 (주) 호텔신라
749,KRX:002460,2460,화성산업,64101,건물 건설업,12450800,62254000000,5000,원(KRW),053-767-2111,대구광역시 수성구 동대구로 111
750,KRX:013520,13520,화승알앤에이,33003,자동차 부품 제조업,6456121,32280605000,5000,원(KRW),055-370-3331-4,경상남도 양산시 충렬로 61
751,KRX:006060,6060,화승인더스트리,32202,플라스틱제품 제조업,55320000,27660000000,500,원(KRW),051-311-0081,부산광역시 연제구 중앙대로 1079 장천빌딩 6층
752,KRX:010690,10690,화신,33003,자동차 부품 제조업,34920410,17460205000,500,원(KRW),054-330-5400,경상북도 영천시 도남공단길 94-2
753,KRX:133820,133820,화인베스틸,32401,1차 철강 제조업,32100000,16050000000,500,원(KRW),055-259-2000,경상남도 창녕군 창녕읍 창밀로 259-33
754,KRX:010660,10660,화천기계,32902,특수 목적용 기계 제조업,2200000,11000000000,5000,원(KRW),02-523-7766,서울특별시 서초구 방배로 46
755,KRX:000850,850,화천기공,32902,특수 목적용 기계 제조업,2200000,11000000000,5000,원(KRW),062-951-5111,광주광역시 광산구 하남산단4번로 123-17 (장덕동) 화천기공(주)
756,KRX:016580,16580,환인제약,32102,의약품 제조업,18600070,9700035000,500,원(KRW),02-405-3000,서울특별시 송파구 새말로 117
757,KRX:032560,32560,황금에스티,32402,1차 비철금속 제조업,14000000,7000000000,500,원(KRW),031-363-8000,경기도 안산시 단원구 별망로 92 시화공단 4바 401-4
758,KRX:004800,4800,효성,32005,화학섬유 제조업,35117455,175587275000,5000,원(KRW),02-707-7000,서울특별시 마포구 마포대로 119 (공덕동)
759,KRX:094280,94280,효성 ITX,147509,기타 사업지원 서비스업,11558200,5779100000,500,원(KRW),02-2102-8400,서울특별시 영등포구 선유동2로 57 이레빌딩 15층
760,KRX:093370,93370,후성,32001,기초화학물질 제조업,92399753,46199876500,500,원(KRW),02-553-0097,경기도 화성시 팔탄면 현대기아로 72-37
761,KRX:081660,81660,휠라코리아,74604,가정용품 도매업,11173014,56424420000,5000,원(KRW),02-523-6100,"서울특별시 서초구 명달로 6 (서초동, 11호)"
762,KRX:005870,5870,휴니드테크놀러지스,32604,통신 및 방송 장비 제조업,13468015,67340075000,5000,원(KRW),032-457-6000,인천광역시 연수구 벤처로 87
763,KRX:079980,79980,휴비스,32005,화학섬유 제조업,34500000,172500000000,5000,원(KRW),02-2189-4567,서울특별시 강남구 학동로 343
764,KRX:005010,5010,휴스틸,32401,1차 철강 제조업,6918617,34593085000,5000,원(KRW),02-828-9000,"서울특별시 강남구 테헤란로 512 (대치동, 신안빌딩 14층)"
765,KRX:069260,69260,휴켐스,32004,기타 화학제품 제조업,40878588,40878588000,1000,원(KRW),02-2262-0600,서울특별시 중구 퇴계로 173 19층
766,KRX:000540,540,흥국화재,116501,보험업,64242645,325821225000,5000,원(KRW),02-2002-6000,서울특별시 종로구 새문안로 68
767,KRX:003280,3280,흥아해운,85001,해상 운송업,84713430,42356715000,500,원(KRW),02-3449-3000,서울특별시 송파구 새말로5길 21 흥아해운 빌딩
